date,track_artist,track_lp,track_new,track_pp,track_rank,track_title,track_weeks,GDPC1
2019-11-01,Lewis Capaldi,3.0,False,1.0,1,Someone You Loved,24.0,
2019-11-01,Lizzo,1.0,False,1.0,2,Truth Hurts,25.0,
2019-11-01,Shawn Mendes & Camila Cabello,2.0,False,1.0,3,Senorita,18.0,
2019-11-01,Post Malone,4.0,False,4.0,4,Circles,8.0,
2019-11-01,Chris Brown Featuring Drake,5.0,False,5.0,5,No Guidance,20.0,
2019-11-01,Lil Nas X,9.0,False,5.0,6,Panini,18.0,
2019-11-01,Travis Scott,6.0,False,1.0,7,HIGHEST IN THE ROOM,3.0,
2019-11-01,Lil Tecca,7.0,False,4.0,8,Ran$om,21.0,
2019-11-01,Billie Eilish,8.0,False,1.0,9,Bad Guy,30.0,
2019-11-01,Dan + Shay & Justin Bieber,11.0,False,4.0,10,"10,000 Hours",3.0,
2019-11-01,Maroon 5,12.0,False,11.0,11,Memories,5.0,
2019-11-01,Juice WRLD & YoungBoy Never Broke Again,10.0,False,10.0,12,Bandit,3.0,
2019-11-01,Ed Sheeran Featuring Khalid,14.0,False,13.0,13,Beautiful People,17.0,
2019-11-01,Lizzo,20.0,False,14.0,14,Good As Hell,9.0,
2019-11-01,Selena Gomez,0.0,True,15.0,15,Lose You To Love Me,1.0,
2019-11-01,Ed Sheeran & Justin Bieber,15.0,False,2.0,16,I Don't Care,24.0,
2019-11-01,Post Malone Featuring Young Thug,13.0,False,3.0,17,Goodbyes,16.0,
2019-11-01,Lil Nas X Featuring Billy Ray Cyrus,16.0,False,1.0,18,Old Town Road,34.0,
2019-11-01,SHAED,21.0,False,18.0,19,Trampoline,21.0,
2019-11-01,Jonas Brothers,24.0,False,20.0,20,Only Human,19.0,
2019-11-01,Post Malone & Swae Lee,19.0,False,1.0,21,Sunflower (Spider-Man: Into The Spider-Verse),53.0,
2019-11-01,Khalid,18.0,False,3.0,22,Talk,37.0,
2019-11-01,Jonas Brothers,23.0,False,1.0,23,Sucker,34.0,
2019-11-01,Wale Featuring Jeremih,22.0,False,22.0,24,On Chill,11.0,
2019-11-01,Drake Featuring Rick Ross,25.0,False,7.0,25,Money In The Grave,19.0,
2019-11-01,Summer Walker,26.0,False,16.0,26,Playing Games,8.0,
2019-11-01,Mustard & Roddy Ricch,30.0,False,27.0,27,Ballin',14.0,
2019-11-01,DaBaby,27.0,False,7.0,28,Suge,30.0,
2019-11-01,Sam Smith,28.0,False,24.0,29,How Do You Sleep?,14.0,
2019-11-01,Lil Baby & DaBaby,29.0,False,21.0,30,Baby,14.0,
2019-11-01,Young Thug Featuring Gunna,32.0,False,26.0,31,Hot,10.0,
2019-11-01,Old Dominion,45.0,False,32.0,32,One Man Band,9.0,
2019-11-01,Sam Smith & Normani,34.0,False,7.0,33,Dancing With A Stranger,41.0,
2019-11-01,Luke Combs,39.0,False,34.0,34,Even Though I'm Leaving,8.0,
2019-11-01,"Megan Thee Stallion, Nicki Minaj & Ty Dolla $ign",31.0,False,11.0,35,Hot Girl Summer,11.0,
2019-11-01,Marshmello & Kane Brown,38.0,False,36.0,36,One Thing Right,18.0,
2019-11-01,Taylor Swift,33.0,False,2.0,37,You Need To Calm Down,19.0,
2019-11-01,Taylor Swift,37.0,False,10.0,38,Lover,10.0,
2019-11-01,NLE Choppa,40.0,False,37.0,39,Camelot,6.0,
2019-11-01,Saweetie,35.0,False,21.0,40,My Type,17.0,
2019-11-01,Matt Stell,36.0,False,36.0,41,Prayed For You,12.0,
2019-11-01,NF,46.0,False,42.0,42,Time,14.0,
2019-11-01,Chris Brown Featuring Gunna,41.0,False,41.0,43,Heat,8.0,
2019-11-01,Halsey,43.0,False,43.0,44,Graveyard,6.0,
2019-11-01,YNW Melly & 9lokknine,42.0,False,34.0,45,223's,7.0,
2019-11-01,Post Malone,47.0,False,2.0,46,Wow.,44.0,
2019-11-01,YoungBoy Never Broke Again,44.0,False,44.0,47,Lonely Child,2.0,
2019-11-01,Chris Janson,48.0,False,48.0,48,Good Vibes,8.0,
2019-11-01,Cole Swindell,60.0,False,49.0,49,Love You Too Late,12.0,
2019-11-01,Selena Gomez,15.0,False,1.0,1,Lose You To Love Me,2.0,
2019-11-01,Lewis Capaldi,1.0,False,1.0,2,Someone You Loved,25.0,
2019-11-01,Post Malone,4.0,False,3.0,3,Circles,9.0,
2019-11-01,Shawn Mendes & Camila Cabello,3.0,False,1.0,4,Senorita,19.0,
2019-11-01,Lizzo,2.0,False,1.0,5,Truth Hurts,26.0,
2019-11-01,Lizzo,14.0,False,6.0,6,Good As Hell,10.0,
2019-11-01,Kanye West,0.0,True,7.0,7,Follow God,1.0,
2019-11-01,Chris Brown Featuring Drake,5.0,False,5.0,8,No Guidance,21.0,
2019-11-01,Lil Nas X,6.0,False,5.0,9,Panini,19.0,
2019-11-01,Billie Eilish,9.0,False,1.0,10,Bad Guy,31.0,
2019-11-01,Maroon 5,11.0,False,11.0,11,Memories,6.0,
2019-11-01,Dan + Shay & Justin Bieber,10.0,False,4.0,12,"10,000 Hours",4.0,
2019-11-01,Lil Tecca,8.0,False,4.0,13,Ran$om,22.0,
2019-11-01,Travis Scott,7.0,False,1.0,14,HIGHEST IN THE ROOM,4.0,
2019-11-01,Ed Sheeran Featuring Khalid,13.0,False,13.0,15,Beautiful People,18.0,
2019-11-01,SHAED,19.0,False,16.0,16,Trampoline,22.0,
2019-11-01,Kanye West,0.0,True,17.0,17,Closed On Sunday,1.0,
2019-11-01,Juice WRLD & YoungBoy Never Broke Again,12.0,False,10.0,18,Bandit,4.0,
2019-11-01,Kanye West,0.0,True,19.0,19,Selah,1.0,
2019-11-01,Ed Sheeran & Justin Bieber,16.0,False,2.0,20,I Don't Care,25.0,
2019-11-01,Lil Nas X Featuring Billy Ray Cyrus,18.0,False,1.0,21,Old Town Road,35.0,
2019-11-01,Jonas Brothers,20.0,False,20.0,22,Only Human,20.0,
2019-11-01,Kanye West,0.0,True,23.0,23,On God,1.0,
2019-11-01,Post Malone Featuring Young Thug,17.0,False,3.0,24,Goodbyes,17.0,
2019-11-01,Khalid,22.0,False,3.0,25,Talk,38.0,
2019-11-01,Jonas Brothers,23.0,False,1.0,26,Sucker,35.0,
2019-11-01,Selena Gomez,0.0,True,27.0,27,Look At Her Now.,1.0,
2019-11-01,Old Dominion,32.0,False,28.0,28,One Man Band,10.0,
2019-11-01,Wale Featuring Jeremih,24.0,False,22.0,29,On Chill,12.0,
2019-11-01,Sam Smith,29.0,False,24.0,30,How Do You Sleep?,15.0,
2019-11-01,Mustard & Roddy Ricch,27.0,False,27.0,31,Ballin',15.0,
2019-11-01,Drake Featuring Rick Ross,25.0,False,7.0,32,Money In The Grave,20.0,
2019-11-01,Kanye West Featuring Ty Dolla $ign & Ant Clemons,0.0,True,33.0,33,Everything We Need,1.0,
2019-11-01,Summer Walker,26.0,False,16.0,34,Playing Games,9.0,
2019-11-01,Young Thug Featuring Gunna,31.0,False,26.0,35,Hot,11.0,
2019-11-01,Kanye West,0.0,True,36.0,36,God Is,1.0,
2019-11-01,Kanye West Featuring Clipse & Kenny G,0.0,True,37.0,37,Use This Gospel,1.0,
2019-11-01,Lil Baby & DaBaby,30.0,False,21.0,38,Baby,15.0,
2019-11-01,DaBaby,28.0,False,7.0,39,Suge,31.0,
2019-11-01,Luke Combs,34.0,False,34.0,40,Even Though I'm Leaving,9.0,
2019-11-01,Tones And I,51.0,False,41.0,41,Dance Monkey,4.0,
2019-11-01,Sam Smith & Normani,33.0,False,7.0,42,Dancing With A Stranger,42.0,
2019-11-01,"Megan Thee Stallion, Nicki Minaj & Ty Dolla $ign",35.0,False,11.0,43,Hot Girl Summer,12.0,
2019-11-01,Michael Jackson,0.0,False,4.0,44,Thriller,19.0,
2019-11-01,Kanye West Featuring Sunday Service Choir,0.0,True,45.0,45,Every Hour,1.0,
2019-11-01,Chris Brown Featuring Gunna,43.0,False,41.0,46,Heat,9.0,
2019-11-01,Marshmello & Kane Brown,36.0,False,36.0,47,One Thing Right,19.0,
2019-11-01,Taylor Swift,38.0,False,10.0,48,Lover,11.0,
2019-11-01,NF,42.0,False,42.0,49,Time,15.0,
2019-11-01,Lewis Capaldi,2.0,False,1.0,1,Someone You Loved,26.0,
2019-11-01,Post Malone,3.0,False,2.0,2,Circles,10.0,
2019-11-01,Shawn Mendes & Camila Cabello,4.0,False,1.0,3,Senorita,20.0,
2019-11-01,Lizzo,5.0,False,1.0,4,Truth Hurts,27.0,
2019-11-01,Selena Gomez,1.0,False,1.0,5,Lose You To Love Me,3.0,
2019-11-01,Lizzo,6.0,False,6.0,6,Good As Hell,11.0,
2019-11-01,Chris Brown Featuring Drake,8.0,False,5.0,7,No Guidance,22.0,
2019-11-01,Lil Nas X,9.0,False,5.0,8,Panini,20.0,
2019-11-01,Maroon 5,11.0,False,9.0,9,Memories,7.0,
2019-11-01,Dan + Shay & Justin Bieber,12.0,False,4.0,10,"10,000 Hours",5.0,
2019-11-01,Young Thug Featuring Gunna,35.0,False,11.0,11,Hot,12.0,
2019-11-01,Billie Eilish,10.0,False,1.0,12,Bad Guy,32.0,
2019-11-01,Lil Tecca,13.0,False,4.0,13,Ran$om,23.0,
2019-11-01,Travis Scott,14.0,False,1.0,14,HIGHEST IN THE ROOM,5.0,
2019-11-01,Ed Sheeran Featuring Khalid,15.0,False,13.0,15,Beautiful People,19.0,
2019-11-01,SHAED,16.0,False,16.0,16,Trampoline,23.0,
2019-11-01,Juice WRLD & YoungBoy Never Broke Again,18.0,False,10.0,17,Bandit,5.0,
2019-11-01,Lil Nas X Featuring Billy Ray Cyrus,21.0,False,1.0,18,Old Town Road,36.0,
2019-11-01,Jonas Brothers,22.0,False,19.0,19,Only Human,21.0,
2019-11-01,Ed Sheeran & Justin Bieber,20.0,False,2.0,20,I Don't Care,26.0,
2019-11-01,Post Malone Featuring Young Thug,24.0,False,3.0,21,Goodbyes,18.0,
2019-11-01,Wale Featuring Jeremih,29.0,False,22.0,22,On Chill,13.0,
2019-11-01,Tones And I,41.0,False,23.0,23,Dance Monkey,5.0,
2019-11-01,Khalid,25.0,False,3.0,24,Talk,39.0,
2019-11-01,Jonas Brothers,26.0,False,1.0,25,Sucker,36.0,
2019-11-01,Mustard & Roddy Ricch,31.0,False,26.0,26,Ballin',16.0,
2019-11-01,Sam Smith,30.0,False,24.0,27,How Do You Sleep?,16.0,
2019-11-01,Old Dominion,28.0,False,28.0,28,One Man Band,11.0,
2019-11-01,Summer Walker,34.0,False,16.0,29,Playing Games,10.0,
2019-11-01,Dua Lipa,0.0,True,30.0,30,Don't Start Now,1.0,
2019-11-01,Lil Baby & DaBaby,38.0,False,21.0,31,Baby,16.0,
2019-11-01,Drake Featuring Rick Ross,32.0,False,7.0,32,Money In The Grave,21.0,
2019-11-01,Luke Combs,40.0,False,33.0,33,Even Though I'm Leaving,10.0,
2019-11-01,Arizona Zervas,0.0,True,34.0,34,Roxanne,1.0,
2019-11-01,YNW Melly & 9lokknine,61.0,False,34.0,35,223's,9.0,
2019-11-01,Sam Smith & Normani,42.0,False,7.0,36,Dancing With A Stranger,43.0,
2019-11-01,Kanye West,7.0,False,7.0,37,Follow God,2.0,
2019-11-01,DaBaby,39.0,False,7.0,38,Suge,32.0,
2019-11-01,Chris Brown Featuring Gunna,46.0,False,39.0,39,Heat,10.0,
2019-11-01,Marshmello & Kane Brown,47.0,False,36.0,40,One Thing Right,20.0,
2019-11-01,NF,49.0,False,41.0,41,Time,16.0,
2019-11-01,Halsey,50.0,False,42.0,42,Graveyard,8.0,
2019-11-01,Taylor Swift,48.0,False,10.0,43,Lover,12.0,
2019-11-01,"Megan Thee Stallion, Nicki Minaj & Ty Dolla $ign",43.0,False,11.0,44,Hot Girl Summer,13.0,
2019-11-01,blackbear,57.0,False,45.0,45,Hot Girl Bummer,8.0,
2019-11-01,Taylor Swift,52.0,False,2.0,46,You Need To Calm Down,21.0,
2019-11-01,Saweetie,53.0,False,21.0,47,My Type,19.0,
2019-11-01,NLE Choppa,55.0,False,37.0,48,Camelot,8.0,
2019-11-01,Matt Stell,56.0,False,36.0,49,Prayed For You,14.0,
2019-11-01,Lewis Capaldi,1.0,False,1.0,1,Someone You Loved,27.0,
2019-11-01,Post Malone,2.0,False,2.0,2,Circles,11.0,
2019-11-01,Shawn Mendes & Camila Cabello,3.0,False,1.0,3,Senorita,21.0,
2019-11-01,Lizzo,6.0,False,4.0,4,Good As Hell,12.0,
2019-11-01,Maroon 5,9.0,False,5.0,5,Memories,8.0,
2019-11-01,Lizzo,4.0,False,1.0,6,Truth Hurts,28.0,
2019-11-01,Chris Brown Featuring Drake,7.0,False,5.0,7,No Guidance,23.0,
2019-11-01,Selena Gomez,5.0,False,1.0,8,Lose You To Love Me,4.0,
2019-11-01,Lil Nas X,8.0,False,5.0,9,Panini,21.0,
2019-11-01,Dan + Shay & Justin Bieber,10.0,False,4.0,10,"10,000 Hours",6.0,
2019-11-01,Luke Combs,33.0,False,11.0,11,Even Though I'm Leaving,11.0,
2019-11-01,Travis Scott,14.0,False,1.0,12,HIGHEST IN THE ROOM,6.0,
2019-11-01,Billie Eilish,12.0,False,1.0,13,Bad Guy,33.0,
2019-11-01,SHAED,16.0,False,14.0,14,Trampoline,24.0,
2019-11-01,Ed Sheeran Featuring Khalid,15.0,False,13.0,15,Beautiful People,20.0,
2019-11-01,Young Thug Featuring Gunna,11.0,False,11.0,16,Hot,13.0,
2019-11-01,Lil Tecca,13.0,False,4.0,17,Ran$om,24.0,
2019-11-01,Jonas Brothers,19.0,False,18.0,18,Only Human,22.0,
2019-11-01,Lil Baby,0.0,True,19.0,19,Woah,1.0,
2019-11-01,Old Dominion,28.0,False,20.0,20,One Man Band,12.0,
2019-11-01,Lil Nas X Featuring Billy Ray Cyrus,18.0,False,1.0,21,Old Town Road,37.0,
2019-11-01,Juice WRLD & YoungBoy Never Broke Again,17.0,False,10.0,22,Bandit,6.0,
2019-11-01,Tones And I,23.0,False,23.0,23,Dance Monkey,6.0,
2019-11-01,Ed Sheeran & Justin Bieber,20.0,False,2.0,24,I Don't Care,27.0,
2019-11-01,Mustard & Roddy Ricch,26.0,False,25.0,25,Ballin',17.0,
2019-11-01,Taylor Swift,43.0,False,10.0,26,Lover,13.0,
2019-11-01,Arizona Zervas,34.0,False,27.0,27,Roxanne,2.0,
2019-11-01,Wale Featuring Jeremih,22.0,False,22.0,28,On Chill,14.0,
2019-11-01,Khalid,24.0,False,3.0,29,Talk,40.0,
2019-11-01,Post Malone Featuring Young Thug,21.0,False,3.0,30,Goodbyes,19.0,
2019-11-01,Sam Smith,27.0,False,24.0,31,How Do You Sleep?,17.0,
2019-11-01,Jonas Brothers,25.0,False,1.0,32,Sucker,37.0,
2019-11-01,Summer Walker,29.0,False,16.0,33,Playing Games,11.0,
2019-11-01,Lil Baby & DaBaby,31.0,False,21.0,34,Baby,17.0,
2019-11-01,Drake Featuring Rick Ross,32.0,False,7.0,35,Money In The Grave,22.0,
2019-11-01,Chris Brown Featuring Gunna,39.0,False,36.0,36,Heat,11.0,
2019-11-01,DaBaby,38.0,False,7.0,37,Suge,33.0,
2019-11-01,Kanye West,37.0,False,7.0,38,Follow God,3.0,
2019-11-01,Mariah Carey,0.0,False,3.0,39,All I Want For Christmas Is You,31.0,
2019-11-01,Marshmello & Kane Brown,40.0,False,36.0,40,One Thing Right,21.0,
2019-11-01,Sam Smith & Normani,36.0,False,7.0,41,Dancing With A Stranger,44.0,
2019-11-01,Halsey,42.0,False,42.0,42,Graveyard,9.0,
2019-11-01,NF,41.0,False,41.0,43,Time,17.0,
2019-11-01,YNW Melly & 9lokknine,35.0,False,34.0,44,223's,10.0,
2019-11-01,blackbear,45.0,False,45.0,45,Hot Girl Bummer,9.0,
2019-11-01,Dua Lipa,30.0,False,30.0,46,Don't Start Now,2.0,
2019-11-01,Doja Cat & Tyga,67.0,False,47.0,47,Juicy,3.0,
2019-11-01,Maren Morris,54.0,False,48.0,48,The Bones,8.0,
2019-11-01,Post Malone Featuring Ozzy Osbourne & Travis Scott,51.0,False,8.0,49,Take What You Want,10.0,
2019-11-01,Post Malone,2.0,False,1.0,1,Circles,12.0,
2019-11-01,Lewis Capaldi,1.0,False,1.0,2,Someone You Loved,28.0,
2019-11-01,Lizzo,4.0,False,3.0,3,Good As Hell,13.0,
2019-11-01,Maroon 5,5.0,False,4.0,4,Memories,9.0,
2019-11-01,Selena Gomez,8.0,False,1.0,5,Lose You To Love Me,5.0,
2019-11-01,Shawn Mendes & Camila Cabello,3.0,False,1.0,6,Senorita,22.0,
2019-11-01,Chris Brown Featuring Drake,7.0,False,5.0,7,No Guidance,24.0,
2019-11-01,Billie Eilish,74.0,False,8.0,8,Everything I Wanted,2.0,
2019-11-01,Dan + Shay & Justin Bieber,10.0,False,4.0,9,"10,000 Hours",7.0,
2019-11-01,Lizzo,6.0,False,1.0,10,Truth Hurts,29.0,
2019-11-01,Lil Nas X,9.0,False,5.0,11,Panini,22.0,
2019-11-01,Arizona Zervas,27.0,False,12.0,12,Roxanne,3.0,
2019-11-01,SHAED,14.0,False,13.0,13,Trampoline,25.0,
2019-11-01,Travis Scott,12.0,False,1.0,14,HIGHEST IN THE ROOM,7.0,
2019-11-01,Taylor Swift,26.0,False,10.0,15,Lover,14.0,
2019-11-01,Lil Baby,19.0,False,16.0,16,Woah,2.0,
2019-11-01,Billie Eilish,13.0,False,1.0,17,Bad Guy,34.0,
2019-11-01,DaBaby,67.0,False,18.0,18,BOP,8.0,
2019-11-01,Tones And I,23.0,False,19.0,19,Dance Monkey,7.0,
2019-11-01,Mustard & Roddy Ricch,25.0,False,20.0,20,Ballin',18.0,
2019-11-01,Young Thug Featuring Gunna,16.0,False,11.0,21,Hot,14.0,
2019-11-01,Old Dominion,20.0,False,20.0,22,One Man Band,13.0,
2019-11-01,Ed Sheeran Featuring Khalid,15.0,False,13.0,23,Beautiful People,21.0,
2019-11-01,Jonas Brothers,18.0,False,18.0,24,Only Human,23.0,
2019-11-01,Luke Combs,11.0,False,11.0,25,Even Though I'm Leaving,12.0,
2019-11-01,Lil Tecca,17.0,False,4.0,26,Ran$om,25.0,
2019-11-01,Lil Nas X Featuring Billy Ray Cyrus,21.0,False,1.0,27,Old Town Road,38.0,
2019-11-01,Juice WRLD & YoungBoy Never Broke Again,22.0,False,10.0,28,Bandit,7.0,
2019-11-01,Wale Featuring Jeremih,28.0,False,22.0,29,On Chill,15.0,
2019-11-01,Ed Sheeran & Justin Bieber,24.0,False,2.0,30,I Don't Care,28.0,
2019-11-01,Mariah Carey,39.0,False,3.0,31,All I Want For Christmas Is You,32.0,
2019-11-01,Khalid,29.0,False,3.0,32,Talk,41.0,
2019-11-01,Post Malone Featuring Young Thug,30.0,False,3.0,33,Goodbyes,20.0,
2019-11-01,Lil Baby & DaBaby,34.0,False,21.0,34,Baby,18.0,
2019-11-01,Sam Smith,31.0,False,24.0,35,How Do You Sleep?,18.0,
2019-11-01,Summer Walker,33.0,False,16.0,36,Playing Games,12.0,
2019-11-01,Chris Brown Featuring Gunna,36.0,False,36.0,37,Heat,12.0,
2019-11-01,Jonas Brothers,32.0,False,1.0,38,Sucker,38.0,
2019-11-01,Halsey,42.0,False,39.0,39,Graveyard,10.0,
2019-11-01,DaBaby,37.0,False,7.0,40,Suge,34.0,
2019-11-01,blackbear,45.0,False,41.0,41,Hot Girl Bummer,10.0,
2019-11-01,Dua Lipa,46.0,False,30.0,42,Don't Start Now,3.0,
2019-11-01,NF,43.0,False,41.0,43,Time,18.0,
2019-11-01,Tory Lanez & T-Pain,83.0,False,44.0,44,Jerry Sprunger,2.0,
2019-11-01,Marshmello & Kane Brown,40.0,False,36.0,45,One Thing Right,22.0,
2019-11-01,Drake Featuring Rick Ross,35.0,False,7.0,46,Money In The Grave,23.0,
2019-11-01,Lady Antebellum,54.0,False,47.0,47,What If I Never Get Over You,13.0,
2019-11-01,Sam Smith & Normani,41.0,False,7.0,48,Dancing With A Stranger,45.0,
2019-11-01,A Boogie Wit da Hoodie Featuring Lil Uzi Vert,0.0,True,49.0,49,Reply,1.0,
2019-12-01,Post Malone,1.0,False,1.0,1,Circles,13.0,
2019-12-01,Lewis Capaldi,2.0,False,1.0,2,Someone You Loved,29.0,
2019-12-01,Lizzo,3.0,False,3.0,3,Good As Hell,14.0,
2019-12-01,Maroon 5,4.0,False,4.0,4,Memories,10.0,
2019-12-01,Arizona Zervas,12.0,False,5.0,5,Roxanne,4.0,
2019-12-01,Selena Gomez,5.0,False,1.0,6,Lose You To Love Me,6.0,
2019-12-01,Shawn Mendes & Camila Cabello,6.0,False,1.0,7,Senorita,23.0,
2019-12-01,Dan + Shay & Justin Bieber,9.0,False,4.0,8,"10,000 Hours",8.0,
2019-12-01,Lizzo,10.0,False,1.0,9,Truth Hurts,30.0,
2019-12-01,Chris Brown Featuring Drake,7.0,False,5.0,10,No Guidance,25.0,
2019-12-01,Tones And I,19.0,False,11.0,11,Dance Monkey,8.0,
2019-12-01,DaBaby,18.0,False,12.0,12,BOP,9.0,
2019-12-01,Lil Nas X,11.0,False,5.0,13,Panini,23.0,
2019-12-01,Billie Eilish,17.0,False,1.0,14,Bad Guy,35.0,
2019-12-01,Travis Scott,14.0,False,1.0,15,HIGHEST IN THE ROOM,8.0,
2019-12-01,Mustard & Roddy Ricch,20.0,False,16.0,16,Ballin',19.0,
2019-12-01,SHAED,13.0,False,13.0,17,Trampoline,26.0,
2019-12-01,Mariah Carey,31.0,False,3.0,18,All I Want For Christmas Is You,33.0,
2019-12-01,Taylor Swift,15.0,False,10.0,19,Lover,15.0,
2019-12-01,Lil Nas X Featuring Billy Ray Cyrus,27.0,False,1.0,20,Old Town Road,39.0,
2019-12-01,Young Thug Featuring Gunna,21.0,False,11.0,21,Hot,15.0,
2019-12-01,Old Dominion,22.0,False,20.0,22,One Man Band,14.0,
2019-12-01,Lil Baby,16.0,False,16.0,23,Woah,3.0,
2019-12-01,Jonas Brothers,24.0,False,18.0,24,Only Human,24.0,
2019-12-01,Lil Tecca,26.0,False,4.0,25,Ran$om,26.0,
2019-12-01,Billie Eilish,8.0,False,8.0,26,Everything I Wanted,3.0,
2019-12-01,Ed Sheeran Featuring Khalid,23.0,False,13.0,27,Beautiful People,22.0,
2019-12-01,Luke Combs,25.0,False,11.0,28,Even Though I'm Leaving,13.0,
2019-12-01,Brenda Lee,0.0,False,9.0,29,Rockin' Around The Christmas Tree,28.0,
2019-12-01,Juice WRLD & YoungBoy Never Broke Again,28.0,False,10.0,30,Bandit,8.0,
2019-12-01,Wale Featuring Jeremih,29.0,False,22.0,31,On Chill,16.0,
2019-12-01,The Weeknd,0.0,True,32.0,32,Heartless,1.0,
2019-12-01,Bad Bunny,0.0,True,33.0,33,Vete,1.0,
2019-12-01,Halsey,39.0,False,34.0,34,Graveyard,11.0,
2019-12-01,Ed Sheeran & Justin Bieber,30.0,False,2.0,35,I Don't Care,29.0,
2019-12-01,Khalid,32.0,False,3.0,36,Talk,42.0,
2019-12-01,Dua Lipa,42.0,False,30.0,37,Don't Start Now,4.0,
2019-12-01,Chris Brown Featuring Gunna,37.0,False,36.0,38,Heat,13.0,
2019-12-01,Lil Baby & DaBaby,34.0,False,21.0,39,Baby,19.0,
2019-12-01,Sam Smith,35.0,False,24.0,40,How Do You Sleep?,19.0,
2019-12-01,Post Malone Featuring Young Thug,33.0,False,3.0,41,Goodbyes,21.0,
2019-12-01,Trevor Daniel,75.0,False,42.0,42,Falling,2.0,
2019-12-01,Summer Walker,36.0,False,16.0,43,Playing Games,13.0,
2019-12-01,DaBaby,40.0,False,7.0,44,Suge,35.0,
2019-12-01,blackbear,41.0,False,41.0,45,Hot Girl Bummer,11.0,
2019-12-01,Wham!,0.0,False,25.0,46,Last Christmas,10.0,
2019-12-01,Bobby Helms,0.0,False,8.0,47,Jingle Bell Rock,26.0,
2019-12-01,Burl Ives,0.0,False,10.0,48,A Holly Jolly Christmas,11.0,
2019-12-01,Andy Williams,0.0,False,10.0,49,It's The Most Wonderful Time Of The Year,11.0,
2019-12-01,The Weeknd,32.0,False,1.0,1,Heartless,2.0,
2019-12-01,Post Malone,1.0,False,1.0,2,Circles,14.0,
2019-12-01,Mariah Carey,18.0,False,3.0,3,All I Want For Christmas Is You,34.0,
2019-12-01,Lewis Capaldi,2.0,False,1.0,4,Someone You Loved,30.0,
2019-12-01,Maroon 5,4.0,False,4.0,5,Memories,11.0,
2019-12-01,Lizzo,3.0,False,3.0,6,Good As Hell,15.0,
2019-12-01,Arizona Zervas,5.0,False,5.0,7,Roxanne,5.0,
2019-12-01,Brenda Lee,29.0,False,8.0,8,Rockin' Around The Christmas Tree,29.0,
2019-12-01,Selena Gomez,6.0,False,1.0,9,Lose You To Love Me,7.0,
2019-12-01,Dan + Shay & Justin Bieber,8.0,False,4.0,10,"10,000 Hours",9.0,
2019-12-01,The Weeknd,0.0,True,11.0,11,Blinding Lights,1.0,
2019-12-01,DaBaby,12.0,False,12.0,12,BOP,10.0,
2019-12-01,Tones And I,11.0,False,11.0,13,Dance Monkey,9.0,
2019-12-01,Chris Brown Featuring Drake,10.0,False,5.0,14,No Guidance,26.0,
2019-12-01,Shawn Mendes & Camila Cabello,7.0,False,1.0,15,Senorita,24.0,
2019-12-01,Mustard & Roddy Ricch,16.0,False,16.0,16,Ballin',20.0,
2019-12-01,Lil Nas X,13.0,False,5.0,17,Panini,24.0,
2019-12-01,Burl Ives,48.0,False,10.0,18,A Holly Jolly Christmas,12.0,
2019-12-01,SHAED,17.0,False,13.0,19,Trampoline,27.0,
2019-12-01,Travis Scott,15.0,False,1.0,20,HIGHEST IN THE ROOM,9.0,
2019-12-01,Billie Eilish,14.0,False,1.0,21,Bad Guy,36.0,
2019-12-01,Lizzo,9.0,False,1.0,22,Truth Hurts,31.0,
2019-12-01,Bobby Helms,47.0,False,8.0,23,Jingle Bell Rock,27.0,
2019-12-01,Andy Williams,49.0,False,10.0,24,It's The Most Wonderful Time Of The Year,12.0,
2019-12-01,Billie Eilish,26.0,False,8.0,25,Everything I Wanted,4.0,
2019-12-01,Young Thug Featuring Gunna,21.0,False,11.0,26,Hot,16.0,
2019-12-01,Wham!,46.0,False,25.0,27,Last Christmas,11.0,
2019-12-01,Dean Martin,0.0,False,20.0,28,"Let It Snow, Let It Snow, Let It Snow",5.0,
2019-12-01,Lil Baby,23.0,False,16.0,29,Woah,4.0,
2019-12-01,Old Dominion,22.0,False,20.0,30,One Man Band,15.0,
2019-12-01,Lil Nas X Featuring Billy Ray Cyrus,20.0,False,1.0,31,Old Town Road,40.0,
2019-12-01,Taylor Swift,19.0,False,10.0,32,Lover,16.0,
2019-12-01,Nat King Cole,0.0,False,11.0,33,The Christmas Song (Merry Christmas To You),18.0,
2019-12-01,Jonas Brothers,24.0,False,18.0,34,Only Human,25.0,
2019-12-01,Wale Featuring Jeremih,31.0,False,22.0,35,On Chill,17.0,
2019-12-01,Ed Sheeran Featuring Khalid,27.0,False,13.0,36,Beautiful People,23.0,
2019-12-01,Lil Tecca,25.0,False,4.0,37,Ran$om,27.0,
2019-12-01,Luke Combs,28.0,False,11.0,38,Even Though I'm Leaving,14.0,
2019-12-01,Jose Feliciano,0.0,False,29.0,39,Feliz Navidad,6.0,
2019-12-01,Juice WRLD & YoungBoy Never Broke Again,30.0,False,10.0,40,Bandit,9.0,
2019-12-01,Trevor Daniel,42.0,False,41.0,41,Falling,3.0,
2019-12-01,Dua Lipa,37.0,False,30.0,42,Don't Start Now,5.0,
2019-12-01,The Ronettes,0.0,False,26.0,43,Sleigh Ride,4.0,
2019-12-01,Gene Autry,0.0,False,16.0,44,Rudolph The Red-Nosed Reindeer,5.0,
2019-12-01,Halsey,34.0,False,34.0,45,Graveyard,12.0,
2019-12-01,Idina Menzel & AURORA,55.0,False,46.0,46,Into The Unknown,2.0,
2019-12-01,Andy Williams,0.0,True,47.0,47,Happy Holiday / The Holiday Season,1.0,
2019-12-01,Gene Autry,0.0,False,28.0,48,Here Comes Santa Claus (Right Down Santa Claus Lane),4.0,
2019-12-01,Khalid,36.0,False,3.0,49,Talk,43.0,
2019-12-01,Mariah Carey,3.0,False,1.0,1,All I Want For Christmas Is You,35.0,
2019-12-01,Post Malone,2.0,False,1.0,2,Circles,15.0,
2019-12-01,Brenda Lee,8.0,False,3.0,3,Rockin' Around The Christmas Tree,30.0,
2019-12-01,Lewis Capaldi,4.0,False,1.0,4,Someone You Loved,31.0,
2019-12-01,Lizzo,6.0,False,3.0,5,Good As Hell,16.0,
2019-12-01,Arizona Zervas,7.0,False,5.0,6,Roxanne,6.0,
2019-12-01,Maroon 5,5.0,False,4.0,7,Memories,12.0,
2019-12-01,Juice WRLD,0.0,False,2.0,8,Lucid Dreams,47.0,
2019-12-01,Tones And I,13.0,False,9.0,9,Dance Monkey,10.0,
2019-12-01,Burl Ives,18.0,False,10.0,10,A Holly Jolly Christmas,13.0,
2019-12-01,DaBaby,12.0,False,11.0,11,BOP,11.0,
2019-12-01,Juice WRLD & YoungBoy Never Broke Again,40.0,False,10.0,12,Bandit,10.0,
2019-12-01,Selena Gomez,9.0,False,1.0,13,Lose You To Love Me,8.0,
2019-12-01,Dan + Shay & Justin Bieber,10.0,False,4.0,14,"10,000 Hours",10.0,
2019-12-01,Bobby Helms,23.0,False,8.0,15,Jingle Bell Rock,28.0,
2019-12-01,Shawn Mendes & Camila Cabello,15.0,False,1.0,16,Senorita,25.0,
2019-12-01,The Weeknd,1.0,False,1.0,17,Heartless,3.0,
2019-12-01,Mustard & Roddy Ricch,16.0,False,16.0,18,Ballin',21.0,
2019-12-01,Chris Brown Featuring Drake,14.0,False,5.0,19,No Guidance,27.0,
2019-12-01,Andy Williams,24.0,False,10.0,20,It's The Most Wonderful Time Of The Year,13.0,
2019-12-01,Billie Eilish,21.0,False,1.0,21,Bad Guy,37.0,
2019-12-01,Lil Nas X,17.0,False,5.0,22,Panini,25.0,
2019-12-01,Lizzo,22.0,False,1.0,23,Truth Hurts,32.0,
2019-12-01,Dean Martin,28.0,False,20.0,24,"Let It Snow, Let It Snow, Let It Snow",6.0,
2019-12-01,Travis Scott,20.0,False,1.0,25,HIGHEST IN THE ROOM,10.0,
2019-12-01,Wham!,27.0,False,25.0,26,Last Christmas,12.0,
2019-12-01,SHAED,19.0,False,13.0,27,Trampoline,28.0,
2019-12-01,Lil Baby,29.0,False,16.0,28,Woah,5.0,
2019-12-01,Juice WRLD,0.0,False,29.0,29,Legends,3.0,
2019-12-01,Billie Eilish,25.0,False,8.0,30,Everything I Wanted,5.0,
2019-12-01,Lil Tecca,37.0,False,4.0,31,Ran$om,28.0,
2019-12-01,Nat King Cole,33.0,False,11.0,32,The Christmas Song (Merry Christmas To You),19.0,
2019-12-01,Young Thug Featuring Gunna,26.0,False,11.0,33,Hot,17.0,
2019-12-01,Jose Feliciano,39.0,False,29.0,34,Feliz Navidad,7.0,
2019-12-01,Harry Styles,0.0,True,35.0,35,Adore You,1.0,
2019-12-01,Trevor Daniel,41.0,False,36.0,36,Falling,4.0,
2019-12-01,The Ronettes,43.0,False,26.0,37,Sleigh Ride,5.0,
2019-12-01,Gene Autry,44.0,False,16.0,38,Rudolph The Red-Nosed Reindeer,6.0,
2019-12-01,Lil Nas X Featuring Billy Ray Cyrus,31.0,False,1.0,39,Old Town Road,41.0,
2019-12-01,Taylor Swift,32.0,False,10.0,40,Lover,17.0,
2019-12-01,Old Dominion,30.0,False,20.0,41,One Man Band,16.0,
2019-12-01,Dua Lipa,42.0,False,30.0,42,Don't Start Now,6.0,
2019-12-01,Andy Williams,47.0,False,43.0,43,Happy Holiday / The Holiday Season,2.0,
2019-12-01,Jonas Brothers,34.0,False,18.0,44,Only Human,26.0,
2019-12-01,Wale Featuring Jeremih,35.0,False,22.0,45,On Chill,18.0,
2019-12-01,Luke Combs,38.0,False,11.0,46,Even Though I'm Leaving,15.0,
2019-12-01,Roddy Ricch,0.0,True,47.0,47,The Box,1.0,
2019-12-01,Halsey,45.0,False,34.0,48,Graveyard,13.0,
2019-12-01,Juice WRLD,0.0,False,27.0,49,Robbery,19.0,
2019-12-01,Mariah Carey,1.0,False,1.0,1,All I Want For Christmas Is You,36.0,
2019-12-01,Brenda Lee,3.0,False,2.0,2,Rockin' Around The Christmas Tree,31.0,
2019-12-01,Post Malone,2.0,False,1.0,3,Circles,16.0,
2019-12-01,Arizona Zervas,6.0,False,4.0,4,Roxanne,7.0,
2019-12-01,Lil Uzi Vert,0.0,True,5.0,5,Futsal Shuffle 2020,1.0,
2019-12-01,Burl Ives,10.0,False,6.0,6,A Holly Jolly Christmas,14.0,
2019-12-01,Maroon 5,7.0,False,4.0,7,Memories,13.0,
2019-12-01,Lewis Capaldi,4.0,False,1.0,8,Someone You Loved,32.0,
2019-12-01,Bobby Helms,15.0,False,8.0,9,Jingle Bell Rock,29.0,
2019-12-01,Lizzo,5.0,False,3.0,10,Good As Hell,17.0,
2019-12-01,Tones And I,9.0,False,9.0,11,Dance Monkey,11.0,
2019-12-01,Selena Gomez,13.0,False,1.0,12,Lose You To Love Me,9.0,
2019-12-01,Dan + Shay & Justin Bieber,14.0,False,4.0,13,"10,000 Hours",11.0,
2019-12-01,Mustard & Roddy Ricch,18.0,False,14.0,14,Ballin',22.0,
2019-12-01,Andy Williams,20.0,False,10.0,15,It's The Most Wonderful Time Of The Year,14.0,
2019-12-01,DaBaby,11.0,False,11.0,16,BOP,12.0,
2019-12-01,Wham!,26.0,False,17.0,17,Last Christmas,13.0,
2019-12-01,Roddy Ricch,47.0,False,18.0,18,The Box,2.0,
2019-12-01,Juice WRLD & YoungBoy Never Broke Again,12.0,False,10.0,19,Bandit,11.0,
2019-12-01,Chris Brown Featuring Drake,19.0,False,5.0,20,No Guidance,28.0,
2019-12-01,Shawn Mendes & Camila Cabello,16.0,False,1.0,21,Senorita,26.0,
2019-12-01,Juice WRLD,8.0,False,2.0,22,Lucid Dreams,48.0,
2019-12-01,Jose Feliciano,34.0,False,23.0,23,Feliz Navidad,8.0,
2019-12-01,Harry Styles,35.0,False,24.0,24,Adore You,2.0,
2019-12-01,Billie Eilish,21.0,False,1.0,25,Bad Guy,38.0,
2019-12-01,The Weeknd,17.0,False,1.0,26,Heartless,4.0,
2019-12-01,Travis Scott,25.0,False,1.0,27,HIGHEST IN THE ROOM,11.0,
2019-12-01,Dean Martin,24.0,False,20.0,28,"Let It Snow, Let It Snow, Let It Snow",7.0,
2019-12-01,Lil Nas X,22.0,False,5.0,29,Panini,26.0,
2019-12-01,Nat King Cole,32.0,False,11.0,30,The Christmas Song (Merry Christmas To You),20.0,
2019-12-01,Young Thug Featuring Gunna,33.0,False,11.0,31,Hot,18.0,
2019-12-01,Lizzo,23.0,False,1.0,32,Truth Hurts,33.0,
2019-12-01,SHAED,27.0,False,13.0,33,Trampoline,29.0,
2019-12-01,Billie Eilish,30.0,False,8.0,34,Everything I Wanted,6.0,
2019-12-01,Lil Baby,28.0,False,16.0,35,Woah,6.0,
2019-12-01,Gene Autry,38.0,False,16.0,36,Rudolph The Red-Nosed Reindeer,7.0,
2019-12-01,The Ronettes,37.0,False,26.0,37,Sleigh Ride,6.0,
2019-12-01,Trevor Daniel,36.0,False,36.0,38,Falling,5.0,
2019-12-01,Lil Tecca,31.0,False,4.0,39,Ran$om,29.0,
2019-12-01,Andy Williams,43.0,False,40.0,40,Happy Holiday / The Holiday Season,3.0,
2019-12-01,Lil Nas X Featuring Billy Ray Cyrus,39.0,False,1.0,41,Old Town Road,42.0,
2019-12-01,Dua Lipa,42.0,False,30.0,42,Don't Start Now,7.0,
2019-12-01,Don Toliver,76.0,False,43.0,43,No Idea,3.0,
2019-12-01,Old Dominion,41.0,False,20.0,44,One Man Band,17.0,
2019-12-01,Jonas Brothers,44.0,False,18.0,45,Only Human,27.0,
2019-12-01,Wale Featuring Jeremih,45.0,False,22.0,46,On Chill,19.0,
2019-12-01,Gene Autry,0.0,False,28.0,47,Here Comes Santa Claus (Right Down Santa Claus Lane),5.0,
2019-12-01,Taylor Swift,40.0,False,10.0,48,Lover,18.0,
2019-12-01,Luke Combs,46.0,False,11.0,49,Even Though I'm Leaving,16.0,
2019-12-01,Mariah Carey,1.0,False,1.0,1,All I Want For Christmas Is You,37.0,
2019-12-01,Brenda Lee,2.0,False,2.0,2,Rockin' Around The Christmas Tree,32.0,
2019-12-01,Bobby Helms,9.0,False,3.0,3,Jingle Bell Rock,30.0,
2019-12-01,Burl Ives,6.0,False,4.0,4,A Holly Jolly Christmas,15.0,
2019-12-01,Post Malone,3.0,False,1.0,5,Circles,17.0,
2019-12-01,Arizona Zervas,4.0,False,4.0,6,Roxanne,8.0,
2019-12-01,Andy Williams,15.0,False,7.0,7,It's The Most Wonderful Time Of The Year,15.0,
2019-12-01,Lewis Capaldi,8.0,False,1.0,8,Someone You Loved,33.0,
2019-12-01,Maroon 5,7.0,False,4.0,9,Memories,14.0,
2019-12-01,Lizzo,10.0,False,3.0,10,Good As Hell,18.0,
2019-12-01,Wham!,17.0,False,11.0,11,Last Christmas,14.0,
2019-12-01,Jose Feliciano,23.0,False,12.0,12,Feliz Navidad,9.0,
2019-12-01,Roddy Ricch,18.0,False,13.0,13,The Box,3.0,
2019-12-01,Tones And I,11.0,False,9.0,14,Dance Monkey,12.0,
2019-12-01,Dean Martin,28.0,False,15.0,15,"Let It Snow, Let It Snow, Let It Snow",8.0,
2019-12-01,Nat King Cole,30.0,False,11.0,16,The Christmas Song (Merry Christmas To You),21.0,
2019-12-01,Dan + Shay & Justin Bieber,13.0,False,4.0,17,"10,000 Hours",12.0,
2019-12-01,Selena Gomez,12.0,False,1.0,18,Lose You To Love Me,10.0,
2019-12-01,Mustard & Roddy Ricch,14.0,False,14.0,19,Ballin',23.0,
2019-12-01,DaBaby,16.0,False,11.0,20,BOP,13.0,
2019-12-01,The Ronettes,37.0,False,21.0,21,Sleigh Ride,7.0,
2019-12-01,Gene Autry,36.0,False,16.0,22,Rudolph The Red-Nosed Reindeer,8.0,
2019-12-01,Billie Eilish,25.0,False,1.0,23,Bad Guy,39.0,
2019-12-01,Andy Williams,40.0,False,24.0,24,Happy Holiday / The Holiday Season,4.0,
2019-12-01,Chris Brown Featuring Drake,20.0,False,5.0,25,No Guidance,29.0,
2019-12-01,Shawn Mendes & Camila Cabello,21.0,False,1.0,26,Senorita,27.0,
2019-12-01,Juice WRLD & YoungBoy Never Broke Again,19.0,False,10.0,27,Bandit,12.0,
2019-12-01,Perry Como And The Fontane Sisters With Mitchell Ayres And His Orchestra,50.0,False,28.0,28,It's Beginning To Look A Lot Like Christmas,4.0,
2019-12-01,Darlene Love,0.0,False,29.0,29,Christmas (Baby Please Come Home),3.0,
2019-12-01,Lil Nas X,29.0,False,5.0,30,Panini,27.0,
2019-12-01,Kelly Clarkson,0.0,False,31.0,31,Underneath The Tree,5.0,
2019-12-01,Gene Autry,47.0,False,28.0,32,Here Comes Santa Claus (Right Down Santa Claus Lane),6.0,
2019-12-01,Young Thug Featuring Gunna,31.0,False,11.0,33,Hot,19.0,
2019-12-01,Lil Nas X Featuring Billy Ray Cyrus,41.0,False,1.0,34,Old Town Road,43.0,
2019-12-01,Lizzo,32.0,False,1.0,35,Truth Hurts,34.0,
2019-12-01,Chuck Berry,0.0,False,36.0,36,Run Rudolph Run,5.0,
2019-12-01,Perry Como,0.0,False,32.0,37,(There's No Place Like) Home For The Holidays,3.0,
2019-12-01,Travis Scott,27.0,False,1.0,38,HIGHEST IN THE ROOM,12.0,
2019-12-01,The Weeknd,26.0,False,1.0,39,Heartless,5.0,
2019-12-01,Elvis Presley,0.0,False,40.0,40,Blue Christmas,2.0,
2019-12-01,Billie Eilish,34.0,False,8.0,41,Everything I Wanted,7.0,
2019-12-01,Bing Crosby,0.0,False,12.0,42,White Christmas,16.0,
2019-12-01,Frank Sinatra,0.0,False,43.0,43,Jingle Bells,2.0,
2019-12-01,Jonas Brothers,53.0,False,44.0,44,Like It's Christmas,4.0,
2019-12-01,Dean Martin,0.0,True,45.0,45,Baby It's Cold Outside,1.0,
2019-12-01,SHAED,33.0,False,13.0,46,Trampoline,30.0,
2019-12-01,Lil Baby,35.0,False,16.0,47,Woah,7.0,
2019-12-01,Lil Uzi Vert,5.0,False,5.0,48,Futsal Shuffle 2020,2.0,
2019-12-01,Thurl Ravenscroft,0.0,True,49.0,49,"You're A Mean One, Mr. Grinch",1.0,
2020-01-01,Mariah Carey,1.0,False,1.0,1,All I Want For Christmas Is You,37.0,18951.992
2020-01-01,Brenda Lee,2.0,False,2.0,2,Rockin' Around The Christmas Tree,32.0,18951.992
2020-01-01,Bobby Helms,9.0,False,3.0,3,Jingle Bell Rock,30.0,18951.992
2020-01-01,Burl Ives,6.0,False,4.0,4,A Holly Jolly Christmas,15.0,18951.992
2020-01-01,Post Malone,3.0,False,1.0,5,Circles,17.0,18951.992
2020-01-01,Arizona Zervas,4.0,False,4.0,6,Roxanne,8.0,18951.992
2020-01-01,Andy Williams,15.0,False,7.0,7,It's The Most Wonderful Time Of The Year,15.0,18951.992
2020-01-01,Lewis Capaldi,8.0,False,1.0,8,Someone You Loved,33.0,18951.992
2020-01-01,Maroon 5,7.0,False,4.0,9,Memories,14.0,18951.992
2020-01-01,Lizzo,10.0,False,3.0,10,Good As Hell,18.0,18951.992
2020-01-01,Wham!,17.0,False,11.0,11,Last Christmas,14.0,18951.992
2020-01-01,Jose Feliciano,23.0,False,12.0,12,Feliz Navidad,9.0,18951.992
2020-01-01,Roddy Ricch,18.0,False,13.0,13,The Box,3.0,18951.992
2020-01-01,Tones And I,11.0,False,9.0,14,Dance Monkey,12.0,18951.992
2020-01-01,Dean Martin,28.0,False,15.0,15,"Let It Snow, Let It Snow, Let It Snow",8.0,18951.992
2020-01-01,Nat King Cole,30.0,False,11.0,16,The Christmas Song (Merry Christmas To You),21.0,18951.992
2020-01-01,Dan + Shay & Justin Bieber,13.0,False,4.0,17,"10,000 Hours",12.0,18951.992
2020-01-01,Selena Gomez,12.0,False,1.0,18,Lose You To Love Me,10.0,18951.992
2020-01-01,Mustard & Roddy Ricch,14.0,False,14.0,19,Ballin',23.0,18951.992
2020-01-01,DaBaby,16.0,False,11.0,20,BOP,13.0,18951.992
2020-01-01,The Ronettes,37.0,False,21.0,21,Sleigh Ride,7.0,18951.992
2020-01-01,Gene Autry,36.0,False,16.0,22,Rudolph The Red-Nosed Reindeer,8.0,18951.992
2020-01-01,Billie Eilish,25.0,False,1.0,23,Bad Guy,39.0,18951.992
2020-01-01,Andy Williams,40.0,False,24.0,24,Happy Holiday / The Holiday Season,4.0,18951.992
2020-01-01,Chris Brown Featuring Drake,20.0,False,5.0,25,No Guidance,29.0,18951.992
2020-01-01,Shawn Mendes & Camila Cabello,21.0,False,1.0,26,Senorita,27.0,18951.992
2020-01-01,Juice WRLD & YoungBoy Never Broke Again,19.0,False,10.0,27,Bandit,12.0,18951.992
2020-01-01,Perry Como And The Fontane Sisters With Mitchell Ayres And His Orchestra,50.0,False,28.0,28,It's Beginning To Look A Lot Like Christmas,4.0,18951.992
2020-01-01,Darlene Love,0.0,False,29.0,29,Christmas (Baby Please Come Home),3.0,18951.992
2020-01-01,Lil Nas X,29.0,False,5.0,30,Panini,27.0,18951.992
2020-01-01,Kelly Clarkson,0.0,False,31.0,31,Underneath The Tree,5.0,18951.992
2020-01-01,Gene Autry,47.0,False,28.0,32,Here Comes Santa Claus (Right Down Santa Claus Lane),6.0,18951.992
2020-01-01,Young Thug Featuring Gunna,31.0,False,11.0,33,Hot,19.0,18951.992
2020-01-01,Lil Nas X Featuring Billy Ray Cyrus,41.0,False,1.0,34,Old Town Road,43.0,18951.992
2020-01-01,Lizzo,32.0,False,1.0,35,Truth Hurts,34.0,18951.992
2020-01-01,Chuck Berry,0.0,False,36.0,36,Run Rudolph Run,5.0,18951.992
2020-01-01,Perry Como,0.0,False,32.0,37,(There's No Place Like) Home For The Holidays,3.0,18951.992
2020-01-01,Travis Scott,27.0,False,1.0,38,HIGHEST IN THE ROOM,12.0,18951.992
2020-01-01,The Weeknd,26.0,False,1.0,39,Heartless,5.0,18951.992
2020-01-01,Elvis Presley,0.0,False,40.0,40,Blue Christmas,2.0,18951.992
2020-01-01,Billie Eilish,34.0,False,8.0,41,Everything I Wanted,7.0,18951.992
2020-01-01,Bing Crosby,0.0,False,12.0,42,White Christmas,16.0,18951.992
2020-01-01,Frank Sinatra,0.0,False,43.0,43,Jingle Bells,2.0,18951.992
2020-01-01,Jonas Brothers,53.0,False,44.0,44,Like It's Christmas,4.0,18951.992
2020-01-01,Dean Martin,0.0,True,45.0,45,Baby It's Cold Outside,1.0,18951.992
2020-01-01,SHAED,33.0,False,13.0,46,Trampoline,30.0,18951.992
2020-01-01,Lil Baby,35.0,False,16.0,47,Woah,7.0,18951.992
2020-01-01,Lil Uzi Vert,5.0,False,5.0,48,Futsal Shuffle 2020,2.0,18951.992
2020-01-01,Thurl Ravenscroft,0.0,True,49.0,49,"You're A Mean One, Mr. Grinch",1.0,18951.992
2020-01-01,Post Malone,5.0,False,1.0,1,Circles,18.0,18951.992
2020-01-01,Maroon 5,9.0,False,2.0,2,Memories,15.0,18951.992
2020-01-01,Roddy Ricch,13.0,False,3.0,3,The Box,4.0,18951.992
2020-01-01,Lewis Capaldi,8.0,False,1.0,4,Someone You Loved,34.0,18951.992
2020-01-01,Arizona Zervas,6.0,False,4.0,5,Roxanne,9.0,18951.992
2020-01-01,Lizzo,10.0,False,3.0,6,Good As Hell,19.0,18951.992
2020-01-01,Tones And I,14.0,False,7.0,7,Dance Monkey,13.0,18951.992
2020-01-01,Travis Scott,38.0,False,1.0,8,HIGHEST IN THE ROOM,13.0,18951.992
2020-01-01,Dan + Shay & Justin Bieber,17.0,False,4.0,9,"10,000 Hours",13.0,18951.992
2020-01-01,Selena Gomez,18.0,False,1.0,10,Lose You To Love Me,11.0,18951.992
2020-01-01,Shawn Mendes & Camila Cabello,26.0,False,1.0,11,Senorita,28.0,18951.992
2020-01-01,Mustard & Roddy Ricch,19.0,False,12.0,12,Ballin',24.0,18951.992
2020-01-01,DaBaby,20.0,False,11.0,13,BOP,14.0,18951.992
2020-01-01,Billie Eilish,23.0,False,1.0,14,Bad Guy,40.0,18951.992
2020-01-01,Lil Nas X Featuring Billy Ray Cyrus,34.0,False,1.0,15,Old Town Road,44.0,18951.992
2020-01-01,Chris Brown Featuring Drake,25.0,False,5.0,16,No Guidance,30.0,18951.992
2020-01-01,Lil Nas X,30.0,False,5.0,17,Panini,28.0,18951.992
2020-01-01,Lizzo,35.0,False,1.0,18,Truth Hurts,35.0,18951.992
2020-01-01,SHAED,46.0,False,13.0,19,Trampoline,31.0,18951.992
2020-01-01,The Weeknd,39.0,False,1.0,20,Heartless,6.0,18951.992
2020-01-01,Dua Lipa,52.0,False,21.0,21,Don't Start Now,9.0,18951.992
2020-01-01,Juice WRLD & YoungBoy Never Broke Again,27.0,False,10.0,22,Bandit,13.0,18951.992
2020-01-01,Billie Eilish,41.0,False,8.0,23,Everything I Wanted,8.0,18951.992
2020-01-01,Young Thug Featuring Gunna,33.0,False,11.0,24,Hot,20.0,18951.992
2020-01-01,Jonas Brothers,0.0,False,18.0,25,Only Human,28.0,18951.992
2020-01-01,Old Dominion,54.0,False,20.0,26,One Man Band,19.0,18951.992
2020-01-01,Lil Baby,47.0,False,16.0,27,Woah,8.0,18951.992
2020-01-01,Ed Sheeran & Justin Bieber,0.0,False,2.0,28,I Don't Care,31.0,18951.992
2020-01-01,Jonas Brothers,0.0,False,1.0,29,Sucker,39.0,18951.992
2020-01-01,Luke Combs,59.0,False,11.0,30,Even Though I'm Leaving,18.0,18951.992
2020-01-01,Trevor Daniel,51.0,False,31.0,31,Falling,7.0,18951.992
2020-01-01,blackbear,55.0,False,32.0,32,Hot Girl Bummer,16.0,18951.992
2020-01-01,Lil Tecca,50.0,False,4.0,33,Ran$om,31.0,18951.992
2020-01-01,Taylor Swift,57.0,False,10.0,34,Lover,20.0,18951.992
2020-01-01,Harry Styles,53.0,False,24.0,35,Adore You,4.0,18951.992
2020-01-01,Maren Morris,64.0,False,36.0,36,The Bones,15.0,18951.992
2020-01-01,Halsey,61.0,False,34.0,37,Graveyard,16.0,18951.992
2020-01-01,JACKBOYS Featuring Young Thug,0.0,True,38.0,38,Out West,1.0,18951.992
2020-01-01,Wale Featuring Jeremih,58.0,False,22.0,39,On Chill,21.0,18951.992
2020-01-01,Khalid,0.0,False,3.0,40,Talk,44.0,18951.992
2020-01-01,YNW Melly & Juice WRLD,56.0,False,41.0,41,Suicidal,6.0,18951.992
2020-01-01,Ed Sheeran Featuring Khalid,0.0,False,13.0,42,Beautiful People,25.0,18951.992
2020-01-01,DaBaby,0.0,False,7.0,43,Suge,36.0,18951.992
2020-01-01,Lil Uzi Vert,48.0,False,5.0,44,Futsal Shuffle 2020,3.0,18951.992
2020-01-01,Doja Cat & Tyga,63.0,False,45.0,45,Juicy,10.0,18951.992
2020-01-01,Don Toliver,60.0,False,43.0,46,No Idea,5.0,18951.992
2020-01-01,Lil Baby & DaBaby,0.0,False,21.0,47,Baby,21.0,18951.992
2020-01-01,JACKBOYS & Sheck Wes,0.0,True,48.0,48,GANG GANG,1.0,18951.992
2020-01-01,Lady Antebellum,71.0,False,47.0,49,What If I Never Get Over You,19.0,18951.992
2020-01-01,Roddy Ricch,3.0,False,1.0,1,The Box,5.0,18951.992
2020-01-01,Justin Bieber,0.0,True,2.0,2,Yummy,1.0,18951.992
2020-01-01,Post Malone,1.0,False,1.0,3,Circles,19.0,18951.992
2020-01-01,Maroon 5,2.0,False,2.0,4,Memories,16.0,18951.992
2020-01-01,Dan + Shay & Justin Bieber,9.0,False,4.0,5,"10,000 Hours",14.0,18951.992
2020-01-01,Lewis Capaldi,4.0,False,1.0,6,Someone You Loved,35.0,18951.992
2020-01-01,Tones And I,7.0,False,7.0,7,Dance Monkey,14.0,18951.992
2020-01-01,Lizzo,6.0,False,3.0,8,Good As Hell,20.0,18951.992
2020-01-01,Arizona Zervas,5.0,False,4.0,9,Roxanne,10.0,18951.992
2020-01-01,Selena Gomez,10.0,False,1.0,10,Lose You To Love Me,12.0,18951.992
2020-01-01,Mustard & Roddy Ricch,12.0,False,11.0,11,Ballin',25.0,18951.992
2020-01-01,DaBaby,13.0,False,11.0,12,BOP,15.0,18951.992
2020-01-01,Travis Scott,8.0,False,1.0,13,HIGHEST IN THE ROOM,14.0,18951.992
2020-01-01,Dua Lipa,21.0,False,14.0,14,Don't Start Now,10.0,18951.992
2020-01-01,Chris Brown Featuring Drake,16.0,False,5.0,15,No Guidance,31.0,18951.992
2020-01-01,SHAED,19.0,False,13.0,16,Trampoline,32.0,18951.992
2020-01-01,The Weeknd,20.0,False,1.0,17,Heartless,7.0,18951.992
2020-01-01,Shawn Mendes & Camila Cabello,11.0,False,1.0,18,Senorita,29.0,18951.992
2020-01-01,Billie Eilish,23.0,False,8.0,19,Everything I Wanted,9.0,18951.992
2020-01-01,Lizzo,18.0,False,1.0,20,Truth Hurts,36.0,18951.992
2020-01-01,Young Thug Featuring Gunna,24.0,False,11.0,21,Hot,21.0,18951.992
2020-01-01,Lil Baby,27.0,False,16.0,22,Woah,9.0,18951.992
2020-01-01,Lil Nas X,17.0,False,5.0,23,Panini,29.0,18951.992
2020-01-01,Harry Styles,35.0,False,24.0,24,Adore You,5.0,18951.992
2020-01-01,Jonas Brothers,25.0,False,18.0,25,Only Human,29.0,18951.992
2020-01-01,Maren Morris,36.0,False,26.0,26,The Bones,16.0,18951.992
2020-01-01,Old Dominion,26.0,False,20.0,27,One Man Band,20.0,18951.992
2020-01-01,Juice WRLD & YoungBoy Never Broke Again,22.0,False,10.0,28,Bandit,14.0,18951.992
2020-01-01,blackbear,32.0,False,29.0,29,Hot Girl Bummer,17.0,18951.992
2020-01-01,Lil Uzi Vert,44.0,False,5.0,30,Futsal Shuffle 2020,4.0,18951.992
2020-01-01,Luke Combs,30.0,False,11.0,31,Even Though I'm Leaving,19.0,18951.992
2020-01-01,Ed Sheeran & Justin Bieber,28.0,False,2.0,32,I Don't Care,32.0,18951.992
2020-01-01,Billie Eilish,14.0,False,1.0,33,Bad Guy,41.0,18951.992
2020-01-01,Jonas Brothers,29.0,False,1.0,34,Sucker,40.0,18951.992
2020-01-01,Roddy Ricch Featuring Mustard,70.0,False,35.0,35,High Fashion,2.0,18951.992
2020-01-01,Taylor Swift,34.0,False,10.0,36,Lover,21.0,18951.992
2020-01-01,Wale Featuring Jeremih,39.0,False,22.0,37,On Chill,22.0,18951.992
2020-01-01,Trevor Daniel,31.0,False,31.0,38,Falling,8.0,18951.992
2020-01-01,The Weeknd,59.0,False,11.0,39,Blinding Lights,6.0,18951.992
2020-01-01,Lady Antebellum,49.0,False,40.0,40,What If I Never Get Over You,20.0,18951.992
2020-01-01,YNW Melly & Juice WRLD,41.0,False,41.0,41,Suicidal,7.0,18951.992
2020-01-01,Khalid,40.0,False,3.0,42,Talk,45.0,18951.992
2020-01-01,Halsey,37.0,False,34.0,43,Graveyard,17.0,18951.992
2020-01-01,Camila Cabello Featuring DaBaby,50.0,False,44.0,44,My Oh My,5.0,18951.992
2020-01-01,Ed Sheeran Featuring Khalid,42.0,False,13.0,45,Beautiful People,26.0,18951.992
2020-01-01,Lil Nas X Featuring Billy Ray Cyrus,15.0,False,1.0,46,Old Town Road,45.0,18951.992
2020-01-01,Dustin Lynch,51.0,False,47.0,47,Ridin' Roads,10.0,18951.992
2020-01-01,Doja Cat & Tyga,45.0,False,45.0,48,Juicy,11.0,18951.992
2020-01-01,Summer Walker,54.0,False,16.0,49,Playing Games,19.0,18951.992
2020-01-01,Roddy Ricch,1.0,False,1.0,1,The Box,6.0,18951.992
2020-01-01,Future Featuring Drake,0.0,True,2.0,2,Life Is Good,1.0,18951.992
2020-01-01,Post Malone,3.0,False,1.0,3,Circles,20.0,18951.992
2020-01-01,Maroon 5,4.0,False,2.0,4,Memories,17.0,18951.992
2020-01-01,Selena Gomez,10.0,False,1.0,5,Lose You To Love Me,13.0,18951.992
2020-01-01,Lewis Capaldi,6.0,False,1.0,6,Someone You Loved,36.0,18951.992
2020-01-01,Dan + Shay & Justin Bieber,5.0,False,4.0,7,"10,000 Hours",15.0,18951.992
2020-01-01,Tones And I,7.0,False,7.0,8,Dance Monkey,15.0,18951.992
2020-01-01,Arizona Zervas,9.0,False,4.0,9,Roxanne,11.0,18951.992
2020-01-01,Justin Bieber,2.0,False,2.0,10,Yummy,2.0,18951.992
2020-01-01,Lizzo,8.0,False,3.0,11,Good As Hell,21.0,18951.992
2020-01-01,DaBaby,12.0,False,11.0,12,BOP,16.0,18951.992
2020-01-01,Mustard & Roddy Ricch,11.0,False,11.0,13,Ballin',26.0,18951.992
2020-01-01,Dua Lipa,14.0,False,14.0,14,Don't Start Now,11.0,18951.992
2020-01-01,Travis Scott,13.0,False,1.0,15,HIGHEST IN THE ROOM,15.0,18951.992
2020-01-01,Lil Baby,0.0,True,16.0,16,Sum 2 Prove,1.0,18951.992
2020-01-01,Mac Miller,0.0,True,17.0,17,Good News,1.0,18951.992
2020-01-01,The Weeknd,17.0,False,1.0,18,Heartless,8.0,18951.992
2020-01-01,Chris Brown Featuring Drake,15.0,False,5.0,19,No Guidance,32.0,18951.992
2020-01-01,SHAED,16.0,False,13.0,20,Trampoline,33.0,18951.992
2020-01-01,Lil Baby,22.0,False,16.0,21,Woah,10.0,18951.992
2020-01-01,Billie Eilish,19.0,False,8.0,22,Everything I Wanted,10.0,18951.992
2020-01-01,Maren Morris,26.0,False,23.0,23,The Bones,17.0,18951.992
2020-01-01,Shawn Mendes & Camila Cabello,18.0,False,1.0,24,Senorita,30.0,18951.992
2020-01-01,blackbear,29.0,False,25.0,25,Hot Girl Bummer,18.0,18951.992
2020-01-01,Harry Styles,24.0,False,24.0,26,Adore You,6.0,18951.992
2020-01-01,Roddy Ricch Featuring Mustard,35.0,False,27.0,27,High Fashion,3.0,18951.992
2020-01-01,Lil Nas X,23.0,False,5.0,28,Panini,30.0,18951.992
2020-01-01,Halsey,0.0,True,29.0,29,You Should Be Sad,1.0,18951.992
2020-01-01,Selena Gomez,0.0,True,30.0,30,Rare,1.0,18951.992
2020-01-01,Young Thug Featuring Gunna,21.0,False,11.0,31,Hot,22.0,18951.992
2020-01-01,The Weeknd,39.0,False,11.0,32,Blinding Lights,7.0,18951.992
2020-01-01,Lizzo,20.0,False,1.0,33,Truth Hurts,37.0,18951.992
2020-01-01,Jonas Brothers,25.0,False,18.0,34,Only Human,30.0,18951.992
2020-01-01,Juice WRLD & YoungBoy Never Broke Again,28.0,False,10.0,35,Bandit,15.0,18951.992
2020-01-01,Old Dominion,27.0,False,20.0,36,One Man Band,21.0,18951.992
2020-01-01,Luke Combs,31.0,False,11.0,37,Even Though I'm Leaving,20.0,18951.992
2020-01-01,Ed Sheeran & Justin Bieber,32.0,False,2.0,38,I Don't Care,33.0,18951.992
2020-01-01,YNW Melly & Juice WRLD,41.0,False,39.0,39,Suicidal,8.0,18951.992
2020-01-01,Billie Eilish,33.0,False,1.0,40,Bad Guy,42.0,18951.992
2020-01-01,Trevor Daniel,38.0,False,31.0,41,Falling,9.0,18951.992
2020-01-01,Jonas Brothers,34.0,False,1.0,42,Sucker,41.0,18951.992
2020-01-01,Lil Uzi Vert,30.0,False,5.0,43,Futsal Shuffle 2020,5.0,18951.992
2020-01-01,Camila Cabello Featuring DaBaby,44.0,False,44.0,44,My Oh My,6.0,18951.992
2020-01-01,Doja Cat & Tyga,48.0,False,45.0,45,Juicy,12.0,18951.992
2020-01-01,Wale Featuring Jeremih,37.0,False,22.0,46,On Chill,23.0,18951.992
2020-01-01,Jon Pardi,51.0,False,47.0,47,Heartache Medication,16.0,18951.992
2020-01-01,Khalid,42.0,False,3.0,48,Talk,46.0,18951.992
2020-01-01,Lady Antebellum,40.0,False,40.0,49,What If I Never Get Over You,21.0,18951.992
2020-01-01,Roddy Ricch,1.0,False,1.0,1,The Box,7.0,18951.992
2020-01-01,Future Featuring Drake,2.0,False,2.0,2,Life Is Good,2.0,18951.992
2020-01-01,Eminem Featuring Juice WRLD,0.0,True,3.0,3,Godzilla,1.0,18951.992
2020-01-01,Post Malone,3.0,False,1.0,4,Circles,21.0,18951.992
2020-01-01,Maroon 5,4.0,False,2.0,5,Memories,18.0,18951.992
2020-01-01,Dan + Shay & Justin Bieber,7.0,False,4.0,6,"10,000 Hours",16.0,18951.992
2020-01-01,Tones And I,8.0,False,7.0,7,Dance Monkey,16.0,18951.992
2020-01-01,Lewis Capaldi,6.0,False,1.0,8,Someone You Loved,37.0,18951.992
2020-01-01,Arizona Zervas,9.0,False,4.0,9,Roxanne,12.0,18951.992
2020-01-01,Selena Gomez,5.0,False,1.0,10,Lose You To Love Me,14.0,18951.992
2020-01-01,Justin Bieber,10.0,False,2.0,11,Yummy,3.0,18951.992
2020-01-01,Lizzo,11.0,False,3.0,12,Good As Hell,22.0,18951.992
2020-01-01,DaBaby,12.0,False,11.0,13,BOP,17.0,18951.992
2020-01-01,Mustard & Roddy Ricch,13.0,False,11.0,14,Ballin',27.0,18951.992
2020-01-01,Dua Lipa,14.0,False,14.0,15,Don't Start Now,12.0,18951.992
2020-01-01,Jonas Brothers,0.0,True,16.0,16,What A Man Gotta Do,1.0,18951.992
2020-01-01,Travis Scott,15.0,False,1.0,17,HIGHEST IN THE ROOM,16.0,18951.992
2020-01-01,Mac Miller,17.0,False,17.0,18,Good News,2.0,18951.992
2020-01-01,The Weeknd,18.0,False,1.0,19,Heartless,9.0,18951.992
2020-01-01,Roddy Ricch Featuring Mustard,27.0,False,20.0,20,High Fashion,4.0,18951.992
2020-01-01,The Weeknd,32.0,False,11.0,21,Blinding Lights,8.0,18951.992
2020-01-01,Maren Morris,23.0,False,22.0,22,The Bones,18.0,18951.992
2020-01-01,Billie Eilish,22.0,False,8.0,23,Everything I Wanted,11.0,18951.992
2020-01-01,SHAED,20.0,False,13.0,24,Trampoline,34.0,18951.992
2020-01-01,Chris Brown Featuring Drake,19.0,False,5.0,25,No Guidance,33.0,18951.992
2020-01-01,Halsey,29.0,False,26.0,26,You Should Be Sad,2.0,18951.992
2020-01-01,blackbear,25.0,False,25.0,27,Hot Girl Bummer,19.0,18951.992
2020-01-01,Eminem,0.0,True,28.0,28,Darkness,1.0,18951.992
2020-01-01,Lil Baby,21.0,False,16.0,29,Woah,11.0,18951.992
2020-01-01,Shawn Mendes & Camila Cabello,24.0,False,1.0,30,Senorita,31.0,18951.992
2020-01-01,Eminem Featuring Ed Sheeran,0.0,True,31.0,31,Those Kinda Nights,1.0,18951.992
2020-01-01,Harry Styles,26.0,False,24.0,32,Adore You,7.0,18951.992
2020-01-01,Lil Baby,16.0,False,16.0,33,Sum 2 Prove,2.0,18951.992
2020-01-01,YNW Melly & Juice WRLD,39.0,False,34.0,34,Suicidal,9.0,18951.992
2020-01-01,Jonas Brothers,34.0,False,18.0,35,Only Human,31.0,18951.992
2020-01-01,Eminem Featuring Young M.A,0.0,True,36.0,36,Unaccommodating,1.0,18951.992
2020-01-01,Trevor Daniel,41.0,False,31.0,37,Falling,10.0,18951.992
2020-01-01,Mac Miller,0.0,True,38.0,38,Blue World,1.0,18951.992
2020-01-01,Lil Nas X,28.0,False,5.0,39,Panini,31.0,18951.992
2020-01-01,Camila Cabello Featuring DaBaby,44.0,False,40.0,40,My Oh My,7.0,18951.992
2020-01-01,Billie Eilish,40.0,False,1.0,41,Bad Guy,43.0,18951.992
2020-01-01,Young Thug Featuring Gunna,31.0,False,11.0,42,Hot,23.0,18951.992
2020-01-01,Lizzo,33.0,False,1.0,43,Truth Hurts,38.0,18951.992
2020-01-01,Ed Sheeran & Justin Bieber,38.0,False,2.0,44,I Don't Care,34.0,18951.992
2020-01-01,Luke Combs,37.0,False,11.0,45,Even Though I'm Leaving,21.0,18951.992
2020-01-01,Old Dominion,36.0,False,20.0,46,One Man Band,22.0,18951.992
2020-01-01,Juice WRLD & YoungBoy Never Broke Again,35.0,False,10.0,47,Bandit,16.0,18951.992
2020-01-01,Mac Miller,0.0,True,48.0,48,Circles,1.0,18951.992
2020-01-01,Jonas Brothers,42.0,False,1.0,49,Sucker,42.0,18951.992
2020-02-01,Roddy Ricch,1.0,False,1.0,1,The Box,7.0,
2020-02-01,Future Featuring Drake,2.0,False,2.0,2,Life Is Good,2.0,
2020-02-01,Eminem Featuring Juice WRLD,0.0,True,3.0,3,Godzilla,1.0,
2020-02-01,Post Malone,3.0,False,1.0,4,Circles,21.0,
2020-02-01,Maroon 5,4.0,False,2.0,5,Memories,18.0,
2020-02-01,Dan + Shay & Justin Bieber,7.0,False,4.0,6,"10,000 Hours",16.0,
2020-02-01,Tones And I,8.0,False,7.0,7,Dance Monkey,16.0,
2020-02-01,Lewis Capaldi,6.0,False,1.0,8,Someone You Loved,37.0,
2020-02-01,Arizona Zervas,9.0,False,4.0,9,Roxanne,12.0,
2020-02-01,Selena Gomez,5.0,False,1.0,10,Lose You To Love Me,14.0,
2020-02-01,Justin Bieber,10.0,False,2.0,11,Yummy,3.0,
2020-02-01,Lizzo,11.0,False,3.0,12,Good As Hell,22.0,
2020-02-01,DaBaby,12.0,False,11.0,13,BOP,17.0,
2020-02-01,Mustard & Roddy Ricch,13.0,False,11.0,14,Ballin',27.0,
2020-02-01,Dua Lipa,14.0,False,14.0,15,Don't Start Now,12.0,
2020-02-01,Jonas Brothers,0.0,True,16.0,16,What A Man Gotta Do,1.0,
2020-02-01,Travis Scott,15.0,False,1.0,17,HIGHEST IN THE ROOM,16.0,
2020-02-01,Mac Miller,17.0,False,17.0,18,Good News,2.0,
2020-02-01,The Weeknd,18.0,False,1.0,19,Heartless,9.0,
2020-02-01,Roddy Ricch Featuring Mustard,27.0,False,20.0,20,High Fashion,4.0,
2020-02-01,The Weeknd,32.0,False,11.0,21,Blinding Lights,8.0,
2020-02-01,Maren Morris,23.0,False,22.0,22,The Bones,18.0,
2020-02-01,Billie Eilish,22.0,False,8.0,23,Everything I Wanted,11.0,
2020-02-01,SHAED,20.0,False,13.0,24,Trampoline,34.0,
2020-02-01,Chris Brown Featuring Drake,19.0,False,5.0,25,No Guidance,33.0,
2020-02-01,Halsey,29.0,False,26.0,26,You Should Be Sad,2.0,
2020-02-01,blackbear,25.0,False,25.0,27,Hot Girl Bummer,19.0,
2020-02-01,Eminem,0.0,True,28.0,28,Darkness,1.0,
2020-02-01,Lil Baby,21.0,False,16.0,29,Woah,11.0,
2020-02-01,Shawn Mendes & Camila Cabello,24.0,False,1.0,30,Senorita,31.0,
2020-02-01,Eminem Featuring Ed Sheeran,0.0,True,31.0,31,Those Kinda Nights,1.0,
2020-02-01,Harry Styles,26.0,False,24.0,32,Adore You,7.0,
2020-02-01,Lil Baby,16.0,False,16.0,33,Sum 2 Prove,2.0,
2020-02-01,YNW Melly & Juice WRLD,39.0,False,34.0,34,Suicidal,9.0,
2020-02-01,Jonas Brothers,34.0,False,18.0,35,Only Human,31.0,
2020-02-01,Eminem Featuring Young M.A,0.0,True,36.0,36,Unaccommodating,1.0,
2020-02-01,Trevor Daniel,41.0,False,31.0,37,Falling,10.0,
2020-02-01,Mac Miller,0.0,True,38.0,38,Blue World,1.0,
2020-02-01,Lil Nas X,28.0,False,5.0,39,Panini,31.0,
2020-02-01,Camila Cabello Featuring DaBaby,44.0,False,40.0,40,My Oh My,7.0,
2020-02-01,Billie Eilish,40.0,False,1.0,41,Bad Guy,43.0,
2020-02-01,Young Thug Featuring Gunna,31.0,False,11.0,42,Hot,23.0,
2020-02-01,Lizzo,33.0,False,1.0,43,Truth Hurts,38.0,
2020-02-01,Ed Sheeran & Justin Bieber,38.0,False,2.0,44,I Don't Care,34.0,
2020-02-01,Luke Combs,37.0,False,11.0,45,Even Though I'm Leaving,21.0,
2020-02-01,Old Dominion,36.0,False,20.0,46,One Man Band,22.0,
2020-02-01,Juice WRLD & YoungBoy Never Broke Again,35.0,False,10.0,47,Bandit,16.0,
2020-02-01,Mac Miller,0.0,True,48.0,48,Circles,1.0,
2020-02-01,Jonas Brothers,42.0,False,1.0,49,Sucker,42.0,
2020-02-01,Roddy Ricch,1.0,False,1.0,1,The Box,8.0,
2020-02-01,Future Featuring Drake,2.0,False,2.0,2,Life Is Good,3.0,
2020-02-01,Post Malone,4.0,False,1.0,3,Circles,22.0,
2020-02-01,Maroon 5,5.0,False,2.0,4,Memories,19.0,
2020-02-01,Lewis Capaldi,8.0,False,1.0,5,Someone You Loved,38.0,
2020-02-01,Dan + Shay & Justin Bieber,6.0,False,4.0,6,"10,000 Hours",17.0,
2020-02-01,Tones And I,7.0,False,7.0,7,Dance Monkey,17.0,
2020-02-01,Arizona Zervas,9.0,False,4.0,8,Roxanne,13.0,
2020-02-01,Dua Lipa,15.0,False,9.0,9,Don't Start Now,13.0,
2020-02-01,Billie Eilish,23.0,False,8.0,10,Everything I Wanted,12.0,
2020-02-01,Selena Gomez,10.0,False,1.0,11,Lose You To Love Me,15.0,
2020-02-01,Eminem Featuring Juice WRLD,3.0,False,3.0,12,Godzilla,2.0,
2020-02-01,Lizzo,12.0,False,3.0,13,Good As Hell,23.0,
2020-02-01,DaBaby,13.0,False,11.0,14,BOP,18.0,
2020-02-01,Justin Bieber,11.0,False,2.0,15,Yummy,4.0,
2020-02-01,Mustard & Roddy Ricch,14.0,False,11.0,16,Ballin',28.0,
2020-02-01,Billie Eilish,41.0,False,1.0,17,Bad Guy,44.0,
2020-02-01,The Weeknd,21.0,False,11.0,18,Blinding Lights,9.0,
2020-02-01,The Weeknd,19.0,False,1.0,19,Heartless,10.0,
2020-02-01,Travis Scott,17.0,False,1.0,20,HIGHEST IN THE ROOM,17.0,
2020-02-01,Maren Morris,22.0,False,21.0,21,The Bones,19.0,
2020-02-01,Roddy Ricch Featuring Mustard,20.0,False,20.0,22,High Fashion,5.0,
2020-02-01,blackbear,27.0,False,23.0,23,Hot Girl Bummer,20.0,
2020-02-01,Chris Brown Featuring Drake,25.0,False,5.0,24,No Guidance,34.0,
2020-02-01,Lil Baby,29.0,False,16.0,25,Woah,12.0,
2020-02-01,Shawn Mendes & Camila Cabello,30.0,False,1.0,26,Senorita,32.0,
2020-02-01,SHAED,24.0,False,13.0,27,Trampoline,35.0,
2020-02-01,Halsey,26.0,False,26.0,28,You Should Be Sad,3.0,
2020-02-01,Harry Styles,32.0,False,24.0,29,Adore You,8.0,
2020-02-01,Jonas Brothers,16.0,False,16.0,30,What A Man Gotta Do,2.0,
2020-02-01,Megan Thee Stallion,0.0,True,31.0,31,B.I.T.C.H.,1.0,
2020-02-01,Lizzo,43.0,False,1.0,32,Truth Hurts,39.0,
2020-02-01,Trevor Daniel,37.0,False,31.0,33,Falling,11.0,
2020-02-01,Demi Lovato,0.0,True,34.0,34,Anyone,1.0,
2020-02-01,Camila Cabello Featuring DaBaby,40.0,False,35.0,35,My Oh My,8.0,
2020-02-01,YNW Melly & Juice WRLD,34.0,False,34.0,36,Suicidal,10.0,
2020-02-01,Jonas Brothers,35.0,False,18.0,37,Only Human,32.0,
2020-02-01,Lil Baby,33.0,False,16.0,38,Sum 2 Prove,3.0,
2020-02-01,Jonas Brothers,49.0,False,1.0,39,Sucker,43.0,
2020-02-01,Old Dominion,46.0,False,20.0,40,One Man Band,23.0,
2020-02-01,Luke Combs,45.0,False,11.0,41,Even Though I'm Leaving,22.0,
2020-02-01,Jon Pardi,51.0,False,42.0,42,Heartache Medication,18.0,
2020-02-01,Blake Shelton Duet With Gwen Stefani,76.0,False,43.0,43,Nobody But You,3.0,
2020-02-01,Ed Sheeran & Justin Bieber,44.0,False,2.0,44,I Don't Care,35.0,
2020-02-01,Young Thug Featuring Gunna,42.0,False,11.0,45,Hot,24.0,
2020-02-01,Sam Hunt,53.0,False,46.0,46,Kinfolks,16.0,
2020-02-01,Juice WRLD & YoungBoy Never Broke Again,47.0,False,10.0,47,Bandit,17.0,
2020-02-01,Doja Cat & Tyga,50.0,False,45.0,48,Juicy,14.0,
2020-02-01,Lil Nas X,39.0,False,5.0,49,Panini,32.0,
2020-02-01,Roddy Ricch,1.0,False,1.0,1,The Box,9.0,
2020-02-01,Future Featuring Drake,2.0,False,2.0,2,Life Is Good,4.0,
2020-02-01,Post Malone,3.0,False,1.0,3,Circles,23.0,
2020-02-01,Maroon 5,4.0,False,2.0,4,Memories,20.0,
2020-02-01,Tones And I,7.0,False,5.0,5,Dance Monkey,18.0,
2020-02-01,Lewis Capaldi,5.0,False,1.0,6,Someone You Loved,39.0,
2020-02-01,Arizona Zervas,8.0,False,4.0,7,Roxanne,14.0,
2020-02-01,Dan + Shay & Justin Bieber,6.0,False,4.0,8,"10,000 Hours",18.0,
2020-02-01,Dua Lipa,9.0,False,9.0,9,Don't Start Now,14.0,
2020-02-01,Billie Eilish,10.0,False,8.0,10,Everything I Wanted,13.0,
2020-02-01,Selena Gomez,11.0,False,1.0,11,Lose You To Love Me,16.0,
2020-02-01,Mustard & Roddy Ricch,16.0,False,11.0,12,Ballin',29.0,
2020-02-01,DaBaby,14.0,False,11.0,13,BOP,19.0,
2020-02-01,Justin Bieber,15.0,False,2.0,14,Yummy,5.0,
2020-02-01,The Weeknd,18.0,False,11.0,15,Blinding Lights,10.0,
2020-02-01,Lizzo,13.0,False,3.0,16,Good As Hell,24.0,
2020-02-01,The Weeknd,19.0,False,1.0,17,Heartless,11.0,
2020-02-01,Maren Morris,21.0,False,18.0,18,The Bones,20.0,
2020-02-01,blackbear,23.0,False,19.0,19,Hot Girl Bummer,21.0,
2020-02-01,Eminem Featuring Juice WRLD,12.0,False,3.0,20,Godzilla,3.0,
2020-02-01,Roddy Ricch Featuring Mustard,22.0,False,20.0,21,High Fashion,6.0,
2020-02-01,Chris Brown Featuring Drake,24.0,False,5.0,22,No Guidance,35.0,
2020-02-01,Harry Styles,29.0,False,23.0,23,Adore You,9.0,
2020-02-01,Lil Baby,25.0,False,16.0,24,Woah,13.0,
2020-02-01,Billie Eilish,17.0,False,1.0,25,Bad Guy,45.0,
2020-02-01,Travis Scott,20.0,False,1.0,26,HIGHEST IN THE ROOM,18.0,
2020-02-01,Trevor Daniel,33.0,False,27.0,27,Falling,12.0,
2020-02-01,Shawn Mendes & Camila Cabello,26.0,False,1.0,28,Senorita,33.0,
2020-02-01,Jonas Brothers,30.0,False,16.0,29,What A Man Gotta Do,3.0,
2020-02-01,Halsey,28.0,False,26.0,30,You Should Be Sad,4.0,
2020-02-01,Camila Cabello Featuring DaBaby,35.0,False,31.0,31,My Oh My,9.0,
2020-02-01,SHAED,27.0,False,13.0,32,Trampoline,36.0,
2020-02-01,Lil Wayne Featuring Big Sean & Lil Baby,0.0,True,33.0,33,I Do It,1.0,
2020-02-01,Sam Hunt,46.0,False,34.0,34,Kinfolks,17.0,
2020-02-01,Lizzo,32.0,False,1.0,35,Truth Hurts,40.0,
2020-02-01,Old Dominion,40.0,False,20.0,36,One Man Band,24.0,
2020-02-01,Jonas Brothers,37.0,False,18.0,37,Only Human,33.0,
2020-02-01,Jonas Brothers,39.0,False,1.0,38,Sucker,44.0,
2020-02-01,YNW Melly & Juice WRLD,36.0,False,34.0,39,Suicidal,11.0,
2020-02-01,Ed Sheeran & Justin Bieber,44.0,False,2.0,40,I Don't Care,36.0,
2020-02-01,Doja Cat & Tyga,48.0,False,41.0,41,Juicy,15.0,
2020-02-01,Karol G & Nicki Minaj,51.0,False,42.0,42,Tusa,10.0,
2020-02-01,Luke Combs,41.0,False,11.0,43,Even Though I'm Leaving,23.0,
2020-02-01,Black Eyed Peas X J Balvin,53.0,False,44.0,44,RITMO (Bad Boys For Life),11.0,
2020-02-01,Juice WRLD & YoungBoy Never Broke Again,47.0,False,10.0,45,Bandit,18.0,
2020-02-01,Lil Baby,38.0,False,16.0,46,Sum 2 Prove,4.0,
2020-02-01,Young Thug Featuring Gunna,45.0,False,11.0,47,Hot,25.0,
2020-02-01,Jon Pardi,42.0,False,42.0,48,Heartache Medication,19.0,
2020-02-01,Ed Sheeran Featuring Camila Cabello & Cardi B,50.0,False,49.0,49,South Of The Border,9.0,
2020-02-01,Roddy Ricch,1.0,False,1.0,1,The Box,10.0,
2020-02-01,Future Featuring Drake,2.0,False,2.0,2,Life Is Good,5.0,
2020-02-01,Post Malone,3.0,False,1.0,3,Circles,24.0,
2020-02-01,Maroon 5,4.0,False,2.0,4,Memories,21.0,
2020-02-01,Tones And I,5.0,False,5.0,5,Dance Monkey,19.0,
2020-02-01,Dua Lipa,9.0,False,6.0,6,Don't Start Now,15.0,
2020-02-01,Arizona Zervas,7.0,False,4.0,7,Roxanne,15.0,
2020-02-01,Lewis Capaldi,6.0,False,1.0,8,Someone You Loved,40.0,
2020-02-01,Dan + Shay & Justin Bieber,8.0,False,4.0,9,"10,000 Hours",19.0,
2020-02-01,Billie Eilish,10.0,False,8.0,10,Everything I Wanted,14.0,
2020-02-01,Justin Bieber Featuring Quavo,0.0,True,11.0,11,Intentions,1.0,
2020-02-01,The Weeknd,15.0,False,11.0,12,Blinding Lights,11.0,
2020-02-01,Selena Gomez,11.0,False,1.0,13,Lose You To Love Me,17.0,
2020-02-01,Mustard & Roddy Ricch,12.0,False,11.0,14,Ballin',30.0,
2020-02-01,DaBaby,13.0,False,11.0,15,BOP,20.0,
2020-02-01,blackbear,19.0,False,16.0,16,Hot Girl Bummer,22.0,
2020-02-01,The Weeknd,17.0,False,1.0,17,Heartless,12.0,
2020-02-01,Maren Morris,18.0,False,18.0,18,The Bones,21.0,
2020-02-01,Justin Bieber,14.0,False,2.0,19,Yummy,6.0,
2020-02-01,Lizzo,16.0,False,3.0,20,Good As Hell,25.0,
2020-02-01,Roddy Ricch Featuring Mustard,21.0,False,20.0,21,High Fashion,7.0,
2020-02-01,Harry Styles,23.0,False,22.0,22,Adore You,10.0,
2020-02-01,Nicki Minaj,0.0,True,23.0,23,Yikes,1.0,
2020-02-01,Lil Baby,24.0,False,16.0,24,Woah,14.0,
2020-02-01,Trevor Daniel,27.0,False,25.0,25,Falling,13.0,
2020-02-01,Camila Cabello Featuring DaBaby,31.0,False,26.0,26,My Oh My,10.0,
2020-02-01,Chris Brown Featuring Drake,22.0,False,5.0,27,No Guidance,36.0,
2020-02-01,Eminem Featuring Juice WRLD,20.0,False,3.0,28,Godzilla,4.0,
2020-02-01,Billie Eilish,25.0,False,1.0,29,Bad Guy,46.0,
2020-02-01,Travis Scott,26.0,False,1.0,30,HIGHEST IN THE ROOM,19.0,
2020-02-01,Halsey,30.0,False,26.0,31,You Should Be Sad,5.0,
2020-02-01,Jonas Brothers,29.0,False,16.0,32,What A Man Gotta Do,4.0,
2020-02-01,Shawn Mendes & Camila Cabello,28.0,False,1.0,33,Senorita,34.0,
2020-02-01,Sam Hunt,34.0,False,34.0,34,Kinfolks,18.0,
2020-02-01,SHAED,32.0,False,13.0,35,Trampoline,37.0,
2020-02-01,Black Eyed Peas X J Balvin,44.0,False,36.0,36,RITMO (Bad Boys For Life),12.0,
2020-02-01,Jonas Brothers,38.0,False,1.0,37,Sucker,45.0,
2020-02-01,Old Dominion,36.0,False,20.0,38,One Man Band,25.0,
2020-02-01,Jonas Brothers,37.0,False,18.0,39,Only Human,34.0,
2020-02-01,Ed Sheeran & Justin Bieber,40.0,False,2.0,40,I Don't Care,37.0,
2020-02-01,Lizzo,35.0,False,1.0,41,Truth Hurts,41.0,
2020-02-01,Karol G & Nicki Minaj,42.0,False,42.0,42,Tusa,11.0,
2020-02-01,Doja Cat & Tyga,41.0,False,41.0,43,Juicy,16.0,
2020-02-01,YNW Melly & Juice WRLD,39.0,False,34.0,44,Suicidal,12.0,
2020-02-01,Kane Brown,51.0,False,45.0,45,Homesick,13.0,
2020-02-01,Young Thug Featuring Gunna,47.0,False,11.0,46,Hot,26.0,
2020-02-01,Luke Combs,43.0,False,11.0,47,Even Though I'm Leaving,24.0,
2020-02-01,Gabby Barrett Featuring Charlie Puth,53.0,False,48.0,48,I Hope,7.0,
2020-02-01,Lil Baby,46.0,False,16.0,49,Sum 2 Prove,5.0,
2020-02-01,Roddy Ricch,1.0,False,1.0,1,The Box,11.0,
2020-02-01,Future Featuring Drake,2.0,False,2.0,2,Life Is Good,6.0,
2020-02-01,Post Malone,3.0,False,1.0,3,Circles,25.0,
2020-02-01,Tones And I,5.0,False,4.0,4,Dance Monkey,20.0,
2020-02-01,Dua Lipa,6.0,False,5.0,5,Don't Start Now,16.0,
2020-02-01,Arizona Zervas,7.0,False,4.0,6,Roxanne,16.0,
2020-02-01,Maroon 5,4.0,False,2.0,7,Memories,22.0,
2020-02-01,Lewis Capaldi,8.0,False,1.0,8,Someone You Loved,41.0,
2020-02-01,Justin Bieber Featuring Quavo,11.0,False,9.0,9,Intentions,2.0,
2020-02-01,The Weeknd,12.0,False,10.0,10,Blinding Lights,12.0,
2020-02-01,Justin Bieber,19.0,False,2.0,11,Yummy,7.0,
2020-02-01,Billie Eilish,10.0,False,8.0,12,Everything I Wanted,15.0,
2020-02-01,Dan + Shay & Justin Bieber,9.0,False,4.0,13,"10,000 Hours",20.0,
2020-02-01,The Weeknd,17.0,False,1.0,14,Heartless,13.0,
2020-02-01,blackbear,16.0,False,15.0,15,Hot Girl Bummer,23.0,
2020-02-01,Billie Eilish,0.0,True,16.0,16,No Time To Die,1.0,
2020-02-01,Mustard & Roddy Ricch,14.0,False,11.0,17,Ballin',31.0,
2020-02-01,DaBaby,15.0,False,11.0,18,BOP,21.0,
2020-02-01,Maren Morris,18.0,False,18.0,19,The Bones,22.0,
2020-02-01,Harry Styles,22.0,False,20.0,20,Adore You,11.0,
2020-02-01,Selena Gomez,13.0,False,1.0,21,Lose You To Love Me,18.0,
2020-02-01,Lizzo,20.0,False,3.0,22,Good As Hell,26.0,
2020-02-01,"A Boogie Wit da Hoodie Featuring Roddy Ricch, Gunna & London On Da Track",0.0,True,23.0,23,Numbers,1.0,
2020-02-01,Justin Bieber Featuring Post Malone & Clever,0.0,True,24.0,24,Forever,1.0,
2020-02-01,Camila Cabello Featuring DaBaby,26.0,False,25.0,25,My Oh My,11.0,
2020-02-01,Roddy Ricch Featuring Mustard,21.0,False,20.0,26,High Fashion,8.0,
2020-02-01,Trevor Daniel,25.0,False,25.0,27,Falling,14.0,
2020-02-01,Lil Baby,24.0,False,16.0,28,Woah,15.0,
2020-02-01,Halsey,31.0,False,26.0,29,You Should Be Sad,6.0,
2020-02-01,Billie Eilish,29.0,False,1.0,30,Bad Guy,47.0,
2020-02-01,Chris Brown Featuring Drake,27.0,False,5.0,31,No Guidance,37.0,
2020-02-01,Shawn Mendes & Camila Cabello,33.0,False,1.0,32,Senorita,35.0,
2020-02-01,Jonas Brothers,32.0,False,16.0,33,What A Man Gotta Do,5.0,
2020-02-01,Sam Hunt,34.0,False,34.0,34,Kinfolks,19.0,
2020-02-01,Travis Scott,30.0,False,1.0,35,HIGHEST IN THE ROOM,20.0,
2020-02-01,Eminem Featuring Juice WRLD,28.0,False,3.0,36,Godzilla,5.0,
2020-02-01,SHAED,35.0,False,13.0,37,Trampoline,38.0,
2020-02-01,Old Dominion,38.0,False,20.0,38,One Man Band,26.0,
2020-02-01,Ed Sheeran & Justin Bieber,40.0,False,2.0,39,I Don't Care,38.0,
2020-02-01,Black Eyed Peas X J Balvin,36.0,False,36.0,40,RITMO (Bad Boys For Life),13.0,
2020-02-01,Jonas Brothers,37.0,False,1.0,41,Sucker,46.0,
2020-02-01,Jonas Brothers,39.0,False,18.0,42,Only Human,35.0,
2020-02-01,Kane Brown,45.0,False,43.0,43,Homesick,14.0,
2020-02-01,Gabby Barrett Featuring Charlie Puth,48.0,False,44.0,44,I Hope,8.0,
2020-02-01,Lizzo,41.0,False,1.0,45,Truth Hurts,42.0,
2020-02-01,Sam Smith,0.0,True,46.0,46,To Die For,1.0,
2020-02-01,Karol G & Nicki Minaj,42.0,False,42.0,47,Tusa,12.0,
2020-02-01,"Migos, Young Thug & Travis Scott",0.0,True,48.0,48,g n f (Give No Fxk),1.0,
2020-02-01,Pop Smoke,0.0,True,49.0,49,Dior,1.0,
2020-03-01,Roddy Ricch,1.0,False,1.0,1,The Box,12.0,
2020-03-01,Future Featuring Drake,2.0,False,2.0,2,Life Is Good,7.0,
2020-03-01,Post Malone,3.0,False,1.0,3,Circles,26.0,
2020-03-01,BTS,0.0,True,4.0,4,ON,1.0,
2020-03-01,Dua Lipa,5.0,False,5.0,5,Don't Start Now,17.0,
2020-03-01,Arizona Zervas,6.0,False,4.0,6,Roxanne,17.0,
2020-03-01,Tones And I,4.0,False,4.0,7,Dance Monkey,21.0,
2020-03-01,The Weeknd,10.0,False,8.0,8,Blinding Lights,13.0,
2020-03-01,Maroon 5,7.0,False,2.0,9,Memories,23.0,
2020-03-01,Lewis Capaldi,8.0,False,1.0,10,Someone You Loved,42.0,
2020-03-01,Justin Bieber Featuring Quavo,9.0,False,9.0,11,Intentions,3.0,
2020-03-01,Billie Eilish,12.0,False,8.0,12,Everything I Wanted,16.0,
2020-03-01,The Weeknd,14.0,False,1.0,13,Heartless,14.0,
2020-03-01,blackbear,15.0,False,14.0,14,Hot Girl Bummer,24.0,
2020-03-01,Harry Styles,20.0,False,15.0,15,Adore You,12.0,
2020-03-01,Dan + Shay & Justin Bieber,13.0,False,4.0,16,"10,000 Hours",21.0,
2020-03-01,Mustard & Roddy Ricch,17.0,False,11.0,17,Ballin',32.0,
2020-03-01,DaBaby,18.0,False,11.0,18,BOP,22.0,
2020-03-01,Maren Morris,19.0,False,18.0,19,The Bones,23.0,
2020-03-01,The Weeknd,77.0,False,20.0,20,After Hours,2.0,
2020-03-01,Selena Gomez,21.0,False,1.0,21,Lose You To Love Me,19.0,
2020-03-01,Camila Cabello Featuring DaBaby,25.0,False,22.0,22,My Oh My,12.0,
2020-03-01,Justin Bieber,11.0,False,2.0,23,Yummy,8.0,
2020-03-01,Lil Baby,28.0,False,16.0,24,Woah,16.0,
2020-03-01,Roddy Ricch Featuring Mustard,26.0,False,20.0,25,High Fashion,9.0,
2020-03-01,Halsey,29.0,False,26.0,26,You Should Be Sad,7.0,
2020-03-01,Lizzo,22.0,False,3.0,27,Good As Hell,27.0,
2020-03-01,YoungBoy Never Broke Again,0.0,True,28.0,28,Lil Top,1.0,
2020-03-01,Trevor Daniel,27.0,False,25.0,29,Falling,15.0,
2020-03-01,Pop Smoke,49.0,False,30.0,30,Dior,2.0,
2020-03-01,Chris Brown Featuring Drake,31.0,False,5.0,31,No Guidance,38.0,
2020-03-01,Jonas Brothers,33.0,False,16.0,32,What A Man Gotta Do,6.0,
2020-03-01,Doja Cat Featuring Nicki Minaj,51.0,False,33.0,33,Say So,8.0,
2020-03-01,Sam Hunt,34.0,False,34.0,34,Kinfolks,20.0,
2020-03-01,Shawn Mendes & Camila Cabello,32.0,False,1.0,35,Senorita,36.0,
2020-03-01,Billie Eilish,30.0,False,1.0,36,Bad Guy,48.0,
2020-03-01,Eminem Featuring Juice WRLD,36.0,False,3.0,37,Godzilla,6.0,
2020-03-01,Black Eyed Peas X J Balvin,40.0,False,36.0,38,RITMO (Bad Boys For Life),14.0,
2020-03-01,Kane Brown,43.0,False,39.0,39,Homesick,15.0,
2020-03-01,Travis Scott,35.0,False,1.0,40,HIGHEST IN THE ROOM,21.0,
2020-03-01,SHAED,37.0,False,13.0,41,Trampoline,39.0,
2020-03-01,Old Dominion,38.0,False,20.0,42,One Man Band,27.0,
2020-03-01,Jonas Brothers,41.0,False,1.0,43,Sucker,47.0,
2020-03-01,Ed Sheeran & Justin Bieber,39.0,False,2.0,44,I Don't Care,39.0,
2020-03-01,Gabby Barrett Featuring Charlie Puth,44.0,False,44.0,45,I Hope,9.0,
2020-03-01,Lil Baby,50.0,False,16.0,46,Sum 2 Prove,7.0,
2020-03-01,YoungBoy Never Broke Again,0.0,True,47.0,47,Red Eye,1.0,
2020-03-01,Jonas Brothers,42.0,False,18.0,48,Only Human,36.0,
2020-03-01,Jimmie Allen,53.0,False,49.0,49,Make Me Want To,9.0,
2020-03-01,Roddy Ricch,1.0,False,1.0,1,The Box,13.0,
2020-03-01,Future Featuring Drake,2.0,False,2.0,2,Life Is Good,8.0,
2020-03-01,Dua Lipa,5.0,False,3.0,3,Don't Start Now,18.0,
2020-03-01,Post Malone,3.0,False,1.0,4,Circles,27.0,
2020-03-01,Lady Gaga,0.0,True,5.0,5,Stupid Love,1.0,
2020-03-01,Arizona Zervas,6.0,False,4.0,6,Roxanne,18.0,
2020-03-01,The Weeknd,8.0,False,7.0,7,Blinding Lights,14.0,
2020-03-01,Tones And I,7.0,False,4.0,8,Dance Monkey,22.0,
2020-03-01,Maroon 5,9.0,False,2.0,9,Memories,24.0,
2020-03-01,Justin Bieber Featuring Quavo,11.0,False,9.0,10,Intentions,4.0,
2020-03-01,Lewis Capaldi,10.0,False,1.0,11,Someone You Loved,43.0,
2020-03-01,Billie Eilish,12.0,False,8.0,12,Everything I Wanted,17.0,
2020-03-01,blackbear,14.0,False,13.0,13,Hot Girl Bummer,25.0,
2020-03-01,Harry Styles,15.0,False,14.0,14,Adore You,13.0,
2020-03-01,Lil Baby,24.0,False,15.0,15,Woah,17.0,
2020-03-01,Doja Cat Featuring Nicki Minaj,33.0,False,16.0,16,Say So,9.0,
2020-03-01,The Weeknd,13.0,False,1.0,17,Heartless,15.0,
2020-03-01,Lil Baby & Gunna,0.0,True,18.0,18,Heatin Up,1.0,
2020-03-01,Maren Morris,19.0,False,18.0,19,The Bones,24.0,
2020-03-01,Dan + Shay & Justin Bieber,16.0,False,4.0,20,"10,000 Hours",22.0,
2020-03-01,Lil Uzi Vert,0.0,True,21.0,21,That Way,1.0,
2020-03-01,Mustard & Roddy Ricch,17.0,False,11.0,22,Ballin',33.0,
2020-03-01,Lil Baby Featuring Lil Uzi Vert,0.0,True,23.0,23,Commercial,1.0,
2020-03-01,DaBaby,18.0,False,11.0,24,BOP,23.0,
2020-03-01,Camila Cabello Featuring DaBaby,22.0,False,22.0,25,My Oh My,13.0,
2020-03-01,Lil Baby,46.0,False,16.0,26,Sum 2 Prove,8.0,
2020-03-01,Selena Gomez,21.0,False,1.0,27,Lose You To Love Me,20.0,
2020-03-01,Lil Baby Featuring Future,0.0,True,28.0,28,Live Off My Closet,1.0,
2020-03-01,Halsey,26.0,False,26.0,29,You Should Be Sad,8.0,
2020-03-01,Roddy Ricch Featuring Mustard,25.0,False,20.0,30,High Fashion,10.0,
2020-03-01,Lil Baby,0.0,True,31.0,31,Emotionally Scarred,1.0,
2020-03-01,Bad Bunny,0.0,True,32.0,32,Si Veo A Tu Mama,1.0,
2020-03-01,Bad Bunny,0.0,True,33.0,33,La Dificil,1.0,
2020-03-01,Trevor Daniel,29.0,False,25.0,34,Falling,16.0,
2020-03-01,Lizzo,27.0,False,3.0,35,Good As Hell,28.0,
2020-03-01,Bad Bunny,99.0,False,33.0,36,Vete,14.0,
2020-03-01,Chris Brown Featuring Drake,31.0,False,5.0,37,No Guidance,39.0,
2020-03-01,"G Herbo Featuring Chance The Rapper, Juice WRLD & Lil Uzi Vert",0.0,True,38.0,38,PTSD,1.0,
2020-03-01,Kane Brown,39.0,False,39.0,39,Homesick,16.0,
2020-03-01,Justin Bieber,23.0,False,2.0,40,Yummy,9.0,
2020-03-01,Jonas Brothers,32.0,False,16.0,41,What A Man Gotta Do,7.0,
2020-03-01,Eminem Featuring Juice WRLD,37.0,False,3.0,42,Godzilla,7.0,
2020-03-01,Shawn Mendes & Camila Cabello,35.0,False,1.0,43,Senorita,37.0,
2020-03-01,Black Eyed Peas X J Balvin,38.0,False,36.0,44,RITMO (Bad Boys For Life),15.0,
2020-03-01,Billie Eilish,36.0,False,1.0,45,Bad Guy,49.0,
2020-03-01,Sam Hunt,34.0,False,34.0,46,Kinfolks,21.0,
2020-03-01,Pop Smoke,30.0,False,30.0,47,Dior,3.0,
2020-03-01,Lil Baby & 42 Dugg,0.0,True,48.0,48,Grace,1.0,
2020-03-01,Bad Bunny & Sech,0.0,False,49.0,49,Ignorantes,2.0,
2020-03-01,Roddy Ricch,1.0,False,1.0,1,The Box,14.0,
2020-03-01,Dua Lipa,3.0,False,2.0,2,Don't Start Now,19.0,
2020-03-01,Future Featuring Drake,2.0,False,2.0,3,Life Is Good,9.0,
2020-03-01,The Weeknd,7.0,False,4.0,4,Blinding Lights,15.0,
2020-03-01,Post Malone,4.0,False,1.0,5,Circles,28.0,
2020-03-01,Lil Uzi Vert,0.0,True,6.0,6,Baby Pluto,1.0,
2020-03-01,Arizona Zervas,6.0,False,4.0,7,Roxanne,19.0,
2020-03-01,Lil Uzi Vert,0.0,True,8.0,8,Lo Mein,1.0,
2020-03-01,Lil Uzi Vert,0.0,True,9.0,9,Silly Watch,1.0,
2020-03-01,Justin Bieber Featuring Quavo,10.0,False,9.0,10,Intentions,5.0,
2020-03-01,Lil Uzi Vert,0.0,True,11.0,11,P2,1.0,
2020-03-01,Tones And I,8.0,False,4.0,12,Dance Monkey,23.0,
2020-03-01,Maroon 5,9.0,False,2.0,13,Memories,25.0,
2020-03-01,Billie Eilish,12.0,False,8.0,14,Everything I Wanted,18.0,
2020-03-01,Lewis Capaldi,11.0,False,1.0,15,Someone You Loved,44.0,
2020-03-01,Harry Styles,14.0,False,14.0,16,Adore You,14.0,
2020-03-01,blackbear,13.0,False,13.0,17,Hot Girl Bummer,26.0,
2020-03-01,Demi Lovato,0.0,True,18.0,18,I Love Me,1.0,
2020-03-01,Doja Cat Featuring Nicki Minaj,16.0,False,16.0,19,Say So,10.0,
2020-03-01,Lil Uzi Vert,21.0,False,20.0,20,That Way,2.0,
2020-03-01,The Weeknd,17.0,False,1.0,21,Heartless,16.0,
2020-03-01,Lil Uzi Vert,0.0,True,22.0,22,Homecoming,1.0,
2020-03-01,Maren Morris,19.0,False,18.0,23,The Bones,25.0,
2020-03-01,Jhene Aiko Featuring H.E.R.,0.0,True,24.0,24,B.S.,1.0,
2020-03-01,Lil Uzi Vert,0.0,True,25.0,25,Prices,1.0,
2020-03-01,Camila Cabello Featuring DaBaby,25.0,False,22.0,26,My Oh My,14.0,
2020-03-01,Dan + Shay & Justin Bieber,20.0,False,4.0,27,"10,000 Hours",23.0,
2020-03-01,Lil Uzi Vert,0.0,True,28.0,28,POP,1.0,
2020-03-01,Mustard & Roddy Ricch,22.0,False,11.0,29,Ballin',34.0,
2020-03-01,Lady Gaga,5.0,False,5.0,30,Stupid Love,2.0,
2020-03-01,Lil Baby,15.0,False,15.0,31,Woah,18.0,
2020-03-01,Eminem Featuring Juice WRLD,42.0,False,3.0,32,Godzilla,8.0,
2020-03-01,Lil Uzi Vert,0.0,True,33.0,33,Bigger Than Life,1.0,
2020-03-01,Lil Uzi Vert,0.0,True,34.0,34,Celebration Station,1.0,
2020-03-01,DaBaby,24.0,False,11.0,35,BOP,24.0,
2020-03-01,Lil Uzi Vert,0.0,True,36.0,36,You Better Move,1.0,
2020-03-01,Lil Uzi Vert,0.0,True,37.0,37,I'm Sorry,1.0,
2020-03-01,Selena Gomez,27.0,False,1.0,38,Lose You To Love Me,21.0,
2020-03-01,Lil Uzi Vert,0.0,True,39.0,39,Venetia,1.0,
2020-03-01,Jhene Aiko,100.0,False,40.0,40,P*$$y Fairy (OTW),8.0,
2020-03-01,Halsey,29.0,False,26.0,41,You Should Be Sad,9.0,
2020-03-01,Trevor Daniel,34.0,False,25.0,42,Falling,17.0,
2020-03-01,Roddy Ricch Featuring Mustard,30.0,False,20.0,43,High Fashion,11.0,
2020-03-01,Kane Brown,39.0,False,39.0,44,Homesick,17.0,
2020-03-01,Lil Uzi Vert,0.0,True,45.0,45,Chrome Heart Tags,1.0,
2020-03-01,Chris Brown Featuring Drake,37.0,False,5.0,46,No Guidance,40.0,
2020-03-01,Black Eyed Peas X J Balvin,44.0,False,36.0,47,RITMO (Bad Boys For Life),16.0,
2020-03-01,Lil Uzi Vert,0.0,False,5.0,48,Futsal Shuffle 2020,10.0,
2020-03-01,Lizzo,35.0,False,3.0,49,Good As Hell,29.0,
2020-03-01,Roddy Ricch,1.0,False,1.0,1,The Box,15.0,
2020-03-01,The Weeknd,4.0,False,2.0,2,Blinding Lights,16.0,
2020-03-01,Dua Lipa,2.0,False,2.0,3,Don't Start Now,20.0,
2020-03-01,Future Featuring Drake,3.0,False,2.0,4,Life Is Good,10.0,
2020-03-01,Post Malone,5.0,False,1.0,5,Circles,29.0,
2020-03-01,Arizona Zervas,7.0,False,4.0,6,Roxanne,20.0,
2020-03-01,Harry Styles,16.0,False,7.0,7,Adore You,15.0,
2020-03-01,Justin Bieber Featuring Quavo,10.0,False,8.0,8,Intentions,6.0,
2020-03-01,Lewis Capaldi,15.0,False,1.0,9,Someone You Loved,45.0,
2020-03-01,Billie Eilish,14.0,False,8.0,10,Everything I Wanted,19.0,
2020-03-01,blackbear,17.0,False,11.0,11,Hot Girl Bummer,27.0,
2020-03-01,Maroon 5,13.0,False,2.0,12,Memories,26.0,
2020-03-01,Lil Uzi Vert,0.0,True,13.0,13,Myron,1.0,
2020-03-01,Doja Cat Featuring Nicki Minaj,19.0,False,14.0,14,Say So,11.0,
2020-03-01,Tones And I,12.0,False,4.0,15,Dance Monkey,24.0,
2020-03-01,The Weeknd,21.0,False,1.0,16,Heartless,17.0,
2020-03-01,Maren Morris,23.0,False,17.0,17,The Bones,26.0,
2020-03-01,Camila Cabello Featuring DaBaby,26.0,False,18.0,18,My Oh My,15.0,
2020-03-01,Lil Uzi Vert Featuring Chief Keef,0.0,True,19.0,19,Bean (Kobe),1.0,
2020-03-01,YNW Melly & Juice WRLD,0.0,False,20.0,20,Suicidal,16.0,
2020-03-01,Mustard & Roddy Ricch,29.0,False,11.0,21,Ballin',35.0,
2020-03-01,Dan + Shay & Justin Bieber,27.0,False,4.0,22,"10,000 Hours",24.0,
2020-03-01,Eminem Featuring Juice WRLD,32.0,False,3.0,23,Godzilla,9.0,
2020-03-01,DaBaby,35.0,False,11.0,24,BOP,25.0,
2020-03-01,Lady Gaga,30.0,False,5.0,25,Stupid Love,3.0,
2020-03-01,Lil Uzi Vert & 21 Savage,0.0,True,26.0,26,Yessirskiii,1.0,
2020-03-01,Lil Uzi Vert,6.0,False,6.0,27,Baby Pluto,2.0,
2020-03-01,Lil Baby,31.0,False,15.0,28,Woah,19.0,
2020-03-01,Trevor Daniel,42.0,False,25.0,29,Falling,18.0,
2020-03-01,Black Eyed Peas X J Balvin,47.0,False,30.0,30,RITMO (Bad Boys For Life),17.0,
2020-03-01,Selena Gomez,38.0,False,1.0,31,Lose You To Love Me,22.0,
2020-03-01,Chris Brown Featuring Drake,46.0,False,5.0,32,No Guidance,41.0,
2020-03-01,Roddy Ricch Featuring Mustard,43.0,False,20.0,33,High Fashion,12.0,
2020-03-01,Halsey,41.0,False,26.0,34,You Should Be Sad,10.0,
2020-03-01,Kane Brown,44.0,False,35.0,35,Homesick,18.0,
2020-03-01,Gabby Barrett Featuring Charlie Puth,50.0,False,36.0,36,I Hope,12.0,
2020-03-01,Lil Uzi Vert,11.0,False,11.0,37,P2,2.0,
2020-03-01,Lil Mosey,53.0,False,38.0,38,Blueberry Faygo,6.0,
2020-03-01,Jake Owen,60.0,False,39.0,39,Homemade,8.0,
2020-03-01,Rod Wave,58.0,False,40.0,40,Heart On Ice,19.0,
2020-03-01,Lil Uzi Vert,20.0,False,20.0,41,That Way,3.0,
2020-03-01,Lil Uzi Vert,8.0,False,8.0,42,Lo Mein,2.0,
2020-03-01,Demi Lovato,18.0,False,18.0,43,I Love Me,2.0,
2020-03-01,Lizzo,49.0,False,3.0,44,Good As Hell,30.0,
2020-03-01,Lil Uzi Vert,0.0,True,45.0,45,Lotus,1.0,
2020-03-01,Russ & BIA,62.0,False,46.0,46,BEST ON EARTH,15.0,
2020-03-01,H.E.R. Featuring YG,61.0,False,47.0,47,Slide,13.0,
2020-03-01,"Jack Harlow Featuring DaBaby, Tory Lanez & Lil Wayne",73.0,False,48.0,48,Whats Poppin,6.0,
2020-03-01,Luke Bryan,78.0,False,49.0,49,What She Wants Tonight,13.0,
2020-03-01,The Weeknd,2.0,False,1.0,1,Blinding Lights,17.0,
2020-03-01,Roddy Ricch,1.0,False,1.0,2,The Box,16.0,
2020-03-01,Dua Lipa,3.0,False,2.0,3,Don't Start Now,21.0,
2020-03-01,The Weeknd,16.0,False,1.0,4,Heartless,18.0,
2020-03-01,Post Malone,5.0,False,1.0,5,Circles,30.0,
2020-03-01,Future Featuring Drake,4.0,False,2.0,6,Life Is Good,11.0,
2020-03-01,Harry Styles,7.0,False,7.0,7,Adore You,16.0,
2020-03-01,Justin Bieber Featuring Quavo,8.0,False,8.0,8,Intentions,7.0,
2020-03-01,Doja Cat Featuring Nicki Minaj,14.0,False,9.0,9,Say So,12.0,
2020-03-01,Arizona Zervas,6.0,False,4.0,10,Roxanne,21.0,
2020-03-01,Lewis Capaldi,9.0,False,1.0,11,Someone You Loved,46.0,
2020-03-01,Billie Eilish,10.0,False,8.0,12,Everything I Wanted,20.0,
2020-03-01,blackbear,11.0,False,11.0,13,Hot Girl Bummer,28.0,
2020-03-01,Maroon 5,12.0,False,2.0,14,Memories,27.0,
2020-03-01,Tones And I,15.0,False,4.0,15,Dance Monkey,25.0,
2020-03-01,The Weeknd,0.0,True,16.0,16,In Your Eyes,1.0,
2020-03-01,Maren Morris,17.0,False,17.0,17,The Bones,27.0,
2020-03-01,Camila Cabello Featuring DaBaby,18.0,False,18.0,18,My Oh My,16.0,
2020-03-01,Dan + Shay & Justin Bieber,22.0,False,4.0,19,"10,000 Hours",25.0,
2020-03-01,Megan Thee Stallion,98.0,False,20.0,20,Savage,2.0,
2020-03-01,The Weeknd,0.0,True,21.0,21,Alone Again,1.0,
2020-03-01,The Weeknd,0.0,False,20.0,22,After Hours,5.0,
2020-03-01,Mustard & Roddy Ricch,21.0,False,11.0,23,Ballin',36.0,
2020-03-01,The Weeknd,0.0,True,24.0,24,Scared To Live,1.0,
2020-03-01,The Weeknd,0.0,True,25.0,25,Hardest To Love,1.0,
2020-03-01,Black Eyed Peas X J Balvin,30.0,False,26.0,26,RITMO (Bad Boys For Life),18.0,
2020-03-01,Lady Gaga,25.0,False,5.0,27,Stupid Love,4.0,
2020-03-01,The Weeknd,0.0,True,28.0,28,Too Late,1.0,
2020-03-01,Trevor Daniel,29.0,False,25.0,29,Falling,19.0,
2020-03-01,Gabby Barrett Featuring Charlie Puth,36.0,False,30.0,30,I Hope,13.0,
2020-03-01,DaBaby,24.0,False,11.0,31,BOP,26.0,
2020-03-01,The Weeknd,0.0,True,32.0,32,Snowchild,1.0,
2020-03-01,Halsey,34.0,False,26.0,33,You Should Be Sad,11.0,
2020-03-01,Chris Brown Featuring Drake,32.0,False,5.0,34,No Guidance,42.0,
2020-03-01,YNW Melly & Juice WRLD,20.0,False,20.0,35,Suicidal,17.0,
2020-03-01,Roddy Ricch Featuring Mustard,33.0,False,20.0,36,High Fashion,13.0,
2020-03-01,Lil Mosey,38.0,False,37.0,37,Blueberry Faygo,7.0,
2020-03-01,Eminem Featuring Juice WRLD,23.0,False,3.0,38,Godzilla,10.0,
2020-03-01,The Weeknd,0.0,True,39.0,39,Escape From LA,1.0,
2020-03-01,Kane Brown,35.0,False,35.0,40,Homesick,19.0,
2020-03-01,The Weeknd & Ariana Grande,0.0,True,41.0,41,Save Your Tears,1.0,
2020-03-01,Lil Baby,28.0,False,15.0,42,Woah,20.0,
2020-03-01,Rod Wave,40.0,False,40.0,43,Heart On Ice,20.0,
2020-03-01,Blake Shelton Duet With Gwen Stefani,53.0,False,43.0,44,Nobody But You,11.0,
2020-03-01,The Weeknd,0.0,True,45.0,45,Faith,1.0,
2020-03-01,Luke Bryan,49.0,False,46.0,46,What She Wants Tonight,14.0,
2020-03-01,Selena Gomez,31.0,False,1.0,47,Lose You To Love Me,23.0,
2020-03-01,Demi Lovato,43.0,False,18.0,48,I Love Me,3.0,
2020-03-01,Jordan Davis,59.0,False,49.0,49,Slow Dance In A Parking Lot,12.0,
2020-04-01,The Weeknd,2.0,False,1.0,1,Blinding Lights,17.0,17258.205
2020-04-01,Roddy Ricch,1.0,False,1.0,2,The Box,16.0,17258.205
2020-04-01,Dua Lipa,3.0,False,2.0,3,Don't Start Now,21.0,17258.205
2020-04-01,The Weeknd,16.0,False,1.0,4,Heartless,18.0,17258.205
2020-04-01,Post Malone,5.0,False,1.0,5,Circles,30.0,17258.205
2020-04-01,Future Featuring Drake,4.0,False,2.0,6,Life Is Good,11.0,17258.205
2020-04-01,Harry Styles,7.0,False,7.0,7,Adore You,16.0,17258.205
2020-04-01,Justin Bieber Featuring Quavo,8.0,False,8.0,8,Intentions,7.0,17258.205
2020-04-01,Doja Cat Featuring Nicki Minaj,14.0,False,9.0,9,Say So,12.0,17258.205
2020-04-01,Arizona Zervas,6.0,False,4.0,10,Roxanne,21.0,17258.205
2020-04-01,Lewis Capaldi,9.0,False,1.0,11,Someone You Loved,46.0,17258.205
2020-04-01,Billie Eilish,10.0,False,8.0,12,Everything I Wanted,20.0,17258.205
2020-04-01,blackbear,11.0,False,11.0,13,Hot Girl Bummer,28.0,17258.205
2020-04-01,Maroon 5,12.0,False,2.0,14,Memories,27.0,17258.205
2020-04-01,Tones And I,15.0,False,4.0,15,Dance Monkey,25.0,17258.205
2020-04-01,The Weeknd,0.0,True,16.0,16,In Your Eyes,1.0,17258.205
2020-04-01,Maren Morris,17.0,False,17.0,17,The Bones,27.0,17258.205
2020-04-01,Camila Cabello Featuring DaBaby,18.0,False,18.0,18,My Oh My,16.0,17258.205
2020-04-01,Dan + Shay & Justin Bieber,22.0,False,4.0,19,"10,000 Hours",25.0,17258.205
2020-04-01,Megan Thee Stallion,98.0,False,20.0,20,Savage,2.0,17258.205
2020-04-01,The Weeknd,0.0,True,21.0,21,Alone Again,1.0,17258.205
2020-04-01,The Weeknd,0.0,False,20.0,22,After Hours,5.0,17258.205
2020-04-01,Mustard & Roddy Ricch,21.0,False,11.0,23,Ballin',36.0,17258.205
2020-04-01,The Weeknd,0.0,True,24.0,24,Scared To Live,1.0,17258.205
2020-04-01,The Weeknd,0.0,True,25.0,25,Hardest To Love,1.0,17258.205
2020-04-01,Black Eyed Peas X J Balvin,30.0,False,26.0,26,RITMO (Bad Boys For Life),18.0,17258.205
2020-04-01,Lady Gaga,25.0,False,5.0,27,Stupid Love,4.0,17258.205
2020-04-01,The Weeknd,0.0,True,28.0,28,Too Late,1.0,17258.205
2020-04-01,Trevor Daniel,29.0,False,25.0,29,Falling,19.0,17258.205
2020-04-01,Gabby Barrett Featuring Charlie Puth,36.0,False,30.0,30,I Hope,13.0,17258.205
2020-04-01,DaBaby,24.0,False,11.0,31,BOP,26.0,17258.205
2020-04-01,The Weeknd,0.0,True,32.0,32,Snowchild,1.0,17258.205
2020-04-01,Halsey,34.0,False,26.0,33,You Should Be Sad,11.0,17258.205
2020-04-01,Chris Brown Featuring Drake,32.0,False,5.0,34,No Guidance,42.0,17258.205
2020-04-01,YNW Melly & Juice WRLD,20.0,False,20.0,35,Suicidal,17.0,17258.205
2020-04-01,Roddy Ricch Featuring Mustard,33.0,False,20.0,36,High Fashion,13.0,17258.205
2020-04-01,Lil Mosey,38.0,False,37.0,37,Blueberry Faygo,7.0,17258.205
2020-04-01,Eminem Featuring Juice WRLD,23.0,False,3.0,38,Godzilla,10.0,17258.205
2020-04-01,The Weeknd,0.0,True,39.0,39,Escape From LA,1.0,17258.205
2020-04-01,Kane Brown,35.0,False,35.0,40,Homesick,19.0,17258.205
2020-04-01,The Weeknd & Ariana Grande,0.0,True,41.0,41,Save Your Tears,1.0,17258.205
2020-04-01,Lil Baby,28.0,False,15.0,42,Woah,20.0,17258.205
2020-04-01,Rod Wave,40.0,False,40.0,43,Heart On Ice,20.0,17258.205
2020-04-01,Blake Shelton Duet With Gwen Stefani,53.0,False,43.0,44,Nobody But You,11.0,17258.205
2020-04-01,The Weeknd,0.0,True,45.0,45,Faith,1.0,17258.205
2020-04-01,Luke Bryan,49.0,False,46.0,46,What She Wants Tonight,14.0,17258.205
2020-04-01,Selena Gomez,31.0,False,1.0,47,Lose You To Love Me,23.0,17258.205
2020-04-01,Demi Lovato,43.0,False,18.0,48,I Love Me,3.0,17258.205
2020-04-01,Jordan Davis,59.0,False,49.0,49,Slow Dance In A Parking Lot,12.0,17258.205
2020-04-01,The Weeknd,1.0,False,1.0,1,Blinding Lights,18.0,17258.205
2020-04-01,Roddy Ricch,2.0,False,1.0,2,The Box,17.0,17258.205
2020-04-01,Dua Lipa,3.0,False,2.0,3,Don't Start Now,22.0,17258.205
2020-04-01,Post Malone,5.0,False,1.0,4,Circles,31.0,17258.205
2020-04-01,Future Featuring Drake,6.0,False,2.0,5,Life Is Good,12.0,17258.205
2020-04-01,Harry Styles,7.0,False,6.0,6,Adore You,17.0,17258.205
2020-04-01,Doja Cat Featuring Nicki Minaj,9.0,False,7.0,7,Say So,13.0,17258.205
2020-04-01,Justin Bieber Featuring Quavo,8.0,False,8.0,8,Intentions,8.0,17258.205
2020-04-01,Billie Eilish,12.0,False,8.0,9,Everything I Wanted,21.0,17258.205
2020-04-01,Lewis Capaldi,11.0,False,1.0,10,Someone You Loved,47.0,17258.205
2020-04-01,Arizona Zervas,10.0,False,4.0,11,Roxanne,22.0,17258.205
2020-04-01,The Weeknd,4.0,False,1.0,12,Heartless,19.0,17258.205
2020-04-01,Maroon 5,14.0,False,2.0,13,Memories,28.0,17258.205
2020-04-01,Maren Morris,17.0,False,14.0,14,The Bones,28.0,17258.205
2020-04-01,Camila Cabello Featuring DaBaby,18.0,False,15.0,15,My Oh My,17.0,17258.205
2020-04-01,blackbear,13.0,False,11.0,16,Hot Girl Bummer,29.0,17258.205
2020-04-01,"NAV, Gunna & Travis Scott",0.0,True,17.0,17,Turks,1.0,17258.205
2020-04-01,Megan Thee Stallion,20.0,False,18.0,18,Savage,3.0,17258.205
2020-04-01,Lil Mosey,37.0,False,19.0,19,Blueberry Faygo,8.0,17258.205
2020-04-01,Tones And I,15.0,False,4.0,20,Dance Monkey,26.0,17258.205
2020-04-01,Dua Lipa,0.0,True,21.0,21,Break My Heart,1.0,17258.205
2020-04-01,Gabby Barrett Featuring Charlie Puth,30.0,False,22.0,22,I Hope,14.0,17258.205
2020-04-01,PARTYNEXTDOOR & Rihanna,0.0,True,23.0,23,Believe It,1.0,17258.205
2020-04-01,Mustard & Roddy Ricch,23.0,False,11.0,24,Ballin',37.0,17258.205
2020-04-01,Trevor Daniel,29.0,False,25.0,25,Falling,20.0,17258.205
2020-04-01,Black Eyed Peas X J Balvin,26.0,False,26.0,26,RITMO (Bad Boys For Life),19.0,17258.205
2020-04-01,Lady Gaga,27.0,False,5.0,27,Stupid Love,5.0,17258.205
2020-04-01,Dan + Shay & Justin Bieber,19.0,False,4.0,28,"10,000 Hours",26.0,17258.205
2020-04-01,DaBaby,31.0,False,11.0,29,BOP,27.0,17258.205
2020-04-01,Rod Wave,43.0,False,30.0,30,Heart On Ice,21.0,17258.205
2020-04-01,Roddy Ricch Featuring Mustard,36.0,False,20.0,31,High Fashion,14.0,17258.205
2020-04-01,Blake Shelton Duet With Gwen Stefani,44.0,False,32.0,32,Nobody But You,12.0,17258.205
2020-04-01,YNW Melly & Juice WRLD,35.0,False,20.0,33,Suicidal,18.0,17258.205
2020-04-01,Halsey,33.0,False,26.0,34,You Should Be Sad,12.0,17258.205
2020-04-01,Chris Brown Featuring Drake,34.0,False,5.0,35,No Guidance,43.0,17258.205
2020-04-01,Morgan Wallen,53.0,False,36.0,36,Chasin' You,10.0,17258.205
2020-04-01,Jordan Davis,49.0,False,37.0,37,Slow Dance In A Parking Lot,13.0,17258.205
2020-04-01,Kane Brown,40.0,False,35.0,38,Homesick,20.0,17258.205
2020-04-01,SAINt JHN,55.0,False,39.0,39,Roses,2.0,17258.205
2020-04-01,Brett Young,61.0,False,40.0,40,Catch,10.0,17258.205
2020-04-01,Demi Lovato,48.0,False,18.0,41,I Love Me,4.0,17258.205
2020-04-01,The Weeknd,16.0,False,16.0,42,In Your Eyes,2.0,17258.205
2020-04-01,Powfu Featuring beabadoobee,59.0,False,43.0,43,Death Bed,3.0,17258.205
2020-04-01,Ingrid Andress,56.0,False,44.0,44,More Hearts Than Mine,14.0,17258.205
2020-04-01,H.E.R. Featuring YG,51.0,False,45.0,45,Slide,15.0,17258.205
2020-04-01,Lil Baby,42.0,False,15.0,46,Woah,21.0,17258.205
2020-04-01,Eminem Featuring Juice WRLD,38.0,False,3.0,47,Godzilla,11.0,17258.205
2020-04-01,Russ & BIA,52.0,False,46.0,48,BEST ON EARTH,17.0,17258.205
2020-04-01,"Jack Harlow Featuring DaBaby, Tory Lanez & Lil Wayne",57.0,False,48.0,49,Whats Poppin,8.0,17258.205
2020-04-01,Drake,0.0,True,1.0,1,Toosie Slide,1.0,17258.205
2020-04-01,The Weeknd,1.0,False,1.0,2,Blinding Lights,19.0,17258.205
2020-04-01,Roddy Ricch,2.0,False,1.0,3,The Box,18.0,17258.205
2020-04-01,Dua Lipa,3.0,False,2.0,4,Don't Start Now,23.0,17258.205
2020-04-01,Future Featuring Drake,5.0,False,2.0,5,Life Is Good,13.0,17258.205
2020-04-01,Post Malone,4.0,False,1.0,6,Circles,32.0,17258.205
2020-04-01,Harry Styles,6.0,False,6.0,7,Adore You,18.0,17258.205
2020-04-01,Doja Cat Featuring Nicki Minaj,7.0,False,7.0,8,Say So,14.0,17258.205
2020-04-01,Justin Bieber Featuring Quavo,8.0,False,8.0,9,Intentions,9.0,17258.205
2020-04-01,Billie Eilish,9.0,False,8.0,10,Everything I Wanted,22.0,17258.205
2020-04-01,Lewis Capaldi,10.0,False,1.0,11,Someone You Loved,48.0,17258.205
2020-04-01,Maren Morris,14.0,False,12.0,12,The Bones,29.0,17258.205
2020-04-01,Camila Cabello Featuring DaBaby,15.0,False,13.0,13,My Oh My,18.0,17258.205
2020-04-01,Megan Thee Stallion,18.0,False,14.0,14,Savage,4.0,17258.205
2020-04-01,Maroon 5,13.0,False,2.0,15,Memories,29.0,17258.205
2020-04-01,Arizona Zervas,11.0,False,4.0,16,Roxanne,23.0,17258.205
2020-04-01,blackbear,16.0,False,11.0,17,Hot Girl Bummer,30.0,17258.205
2020-04-01,Lil Mosey,19.0,False,18.0,18,Blueberry Faygo,9.0,17258.205
2020-04-01,The Weeknd,12.0,False,1.0,19,Heartless,20.0,17258.205
2020-04-01,Gabby Barrett Featuring Charlie Puth,22.0,False,20.0,20,I Hope,15.0,17258.205
2020-04-01,Tones And I,20.0,False,4.0,21,Dance Monkey,27.0,17258.205
2020-04-01,DaBaby,0.0,True,22.0,22,Find My Way,1.0,17258.205
2020-04-01,Trevor Daniel,25.0,False,23.0,23,Falling,21.0,17258.205
2020-04-01,Blake Shelton Duet With Gwen Stefani,32.0,False,24.0,24,Nobody But You,13.0,17258.205
2020-04-01,Rod Wave,30.0,False,25.0,25,Heart On Ice,22.0,17258.205
2020-04-01,Mustard & Roddy Ricch,24.0,False,11.0,26,Ballin',38.0,17258.205
2020-04-01,Morgan Wallen,36.0,False,27.0,27,Chasin' You,11.0,17258.205
2020-04-01,Black Eyed Peas X J Balvin,26.0,False,26.0,28,RITMO (Bad Boys For Life),20.0,17258.205
2020-04-01,Brett Young,40.0,False,29.0,29,Catch,11.0,17258.205
2020-04-01,SAINt JHN,39.0,False,30.0,30,Roses,3.0,17258.205
2020-04-01,Roddy Ricch Featuring Mustard,31.0,False,20.0,31,High Fashion,15.0,17258.205
2020-04-01,Lady Gaga,27.0,False,5.0,32,Stupid Love,6.0,17258.205
2020-04-01,Powfu Featuring beabadoobee,43.0,False,33.0,33,Death Bed,4.0,17258.205
2020-04-01,Dan + Shay & Justin Bieber,28.0,False,4.0,34,"10,000 Hours",27.0,17258.205
2020-04-01,DaBaby,29.0,False,11.0,35,BOP,28.0,17258.205
2020-04-01,"Jack Harlow Featuring DaBaby, Tory Lanez & Lil Wayne",49.0,False,36.0,36,Whats Poppin,9.0,17258.205
2020-04-01,Ingrid Andress,44.0,False,37.0,37,More Hearts Than Mine,15.0,17258.205
2020-04-01,Chris Brown Featuring Drake,35.0,False,5.0,38,No Guidance,44.0,17258.205
2020-04-01,Dua Lipa,21.0,False,21.0,39,Break My Heart,2.0,17258.205
2020-04-01,Sam Hunt,91.0,False,40.0,40,Hard To Forget,2.0,17258.205
2020-04-01,Demi Lovato,41.0,False,18.0,41,I Love Me,5.0,17258.205
2020-04-01,Jordan Davis,37.0,False,37.0,42,Slow Dance In A Parking Lot,14.0,17258.205
2020-04-01,YNW Melly & Juice WRLD,33.0,False,20.0,43,Suicidal,19.0,17258.205
2020-04-01,Surfaces,52.0,False,44.0,44,Sunday Best,6.0,17258.205
2020-04-01,H.E.R. Featuring YG,45.0,False,45.0,45,Slide,16.0,17258.205
2020-04-01,"NAV, Gunna & Travis Scott",17.0,False,17.0,46,Turks,2.0,17258.205
2020-04-01,The Weeknd,42.0,False,16.0,47,In Your Eyes,3.0,17258.205
2020-04-01,Kane Brown,38.0,False,35.0,48,Homesick,21.0,17258.205
2020-04-01,Russ & BIA,48.0,False,46.0,49,BEST ON EARTH,18.0,17258.205
2020-04-01,The Weeknd,2.0,False,1.0,1,Blinding Lights,20.0,17258.205
2020-04-01,Drake,1.0,False,1.0,2,Toosie Slide,2.0,17258.205
2020-04-01,Roddy Ricch,3.0,False,1.0,3,The Box,19.0,17258.205
2020-04-01,Dua Lipa,4.0,False,2.0,4,Don't Start Now,24.0,17258.205
2020-04-01,Doja Cat Featuring Nicki Minaj,8.0,False,5.0,5,Say So,15.0,17258.205
2020-04-01,Harry Styles,7.0,False,6.0,6,Adore You,19.0,17258.205
2020-04-01,Post Malone,6.0,False,1.0,7,Circles,33.0,17258.205
2020-04-01,Future Featuring Drake,5.0,False,2.0,8,Life Is Good,14.0,17258.205
2020-04-01,Justin Bieber Featuring Quavo,9.0,False,8.0,9,Intentions,10.0,17258.205
2020-04-01,Billie Eilish,10.0,False,8.0,10,Everything I Wanted,23.0,17258.205
2020-04-01,Lewis Capaldi,11.0,False,1.0,11,Someone You Loved,49.0,17258.205
2020-04-01,Camila Cabello Featuring DaBaby,13.0,False,12.0,12,My Oh My,19.0,17258.205
2020-04-01,Maren Morris,12.0,False,12.0,13,The Bones,30.0,17258.205
2020-04-01,Megan Thee Stallion,14.0,False,14.0,14,Savage,5.0,17258.205
2020-04-01,Maroon 5,15.0,False,2.0,15,Memories,30.0,17258.205
2020-04-01,Lil Mosey,18.0,False,16.0,16,Blueberry Faygo,10.0,17258.205
2020-04-01,Gabby Barrett Featuring Charlie Puth,20.0,False,17.0,17,I Hope,16.0,17258.205
2020-04-01,Blake Shelton Duet With Gwen Stefani,24.0,False,18.0,18,Nobody But You,14.0,17258.205
2020-04-01,Arizona Zervas,16.0,False,4.0,19,Roxanne,24.0,17258.205
2020-04-01,blackbear,17.0,False,11.0,20,Hot Girl Bummer,31.0,17258.205
2020-04-01,The Weeknd,19.0,False,1.0,21,Heartless,21.0,17258.205
2020-04-01,Trevor Daniel,23.0,False,22.0,22,Falling,22.0,17258.205
2020-04-01,twenty one pilots,0.0,True,23.0,23,Level Of Concern,1.0,17258.205
2020-04-01,Tones And I,21.0,False,4.0,24,Dance Monkey,28.0,17258.205
2020-04-01,Morgan Wallen,27.0,False,25.0,25,Chasin' You,12.0,17258.205
2020-04-01,SAINt JHN,30.0,False,26.0,26,Roses,4.0,17258.205
2020-04-01,Mustard & Roddy Ricch,26.0,False,11.0,27,Ballin',39.0,17258.205
2020-04-01,Rod Wave,25.0,False,25.0,28,Heart On Ice,23.0,17258.205
2020-04-01,Roddy Ricch Featuring Mustard,31.0,False,20.0,29,High Fashion,16.0,17258.205
2020-04-01,Powfu Featuring beabadoobee,33.0,False,30.0,30,Death Bed,5.0,17258.205
2020-04-01,Black Eyed Peas X J Balvin,28.0,False,26.0,31,RITMO (Bad Boys For Life),21.0,17258.205
2020-04-01,Ingrid Andress,37.0,False,32.0,32,More Hearts Than Mine,16.0,17258.205
2020-04-01,Lady Gaga,32.0,False,5.0,33,Stupid Love,7.0,17258.205
2020-04-01,Dan + Shay & Justin Bieber,34.0,False,4.0,34,"10,000 Hours",28.0,17258.205
2020-04-01,Dua Lipa,39.0,False,21.0,35,Break My Heart,3.0,17258.205
2020-04-01,"Jack Harlow Featuring DaBaby, Tory Lanez & Lil Wayne",36.0,False,36.0,36,Whats Poppin,10.0,17258.205
2020-04-01,Brett Young,29.0,False,29.0,37,Catch,12.0,17258.205
2020-04-01,Surfaces,44.0,False,38.0,38,Sunday Best,7.0,17258.205
2020-04-01,DaBaby,35.0,False,11.0,39,BOP,29.0,17258.205
2020-04-01,Chris Brown Featuring Drake,38.0,False,5.0,40,No Guidance,45.0,17258.205
2020-04-01,Demi Lovato,41.0,False,18.0,41,I Love Me,6.0,17258.205
2020-04-01,Carly Pearce & Lee Brice,51.0,False,42.0,42,I Hope You're Happy Now,15.0,17258.205
2020-04-01,H.E.R. Featuring YG,45.0,False,43.0,43,Slide,17.0,17258.205
2020-04-01,Thomas Rhett Featuring Jon Pardi,54.0,False,44.0,44,Beer Can't Fix,5.0,17258.205
2020-04-01,The Weeknd,47.0,False,16.0,45,In Your Eyes,4.0,17258.205
2020-04-01,Pop Smoke,55.0,False,30.0,46,Dior,9.0,17258.205
2020-04-01,YNW Melly & Juice WRLD,43.0,False,20.0,47,Suicidal,20.0,17258.205
2020-04-01,Luke Combs Featuring Eric Church,50.0,False,48.0,48,Does To Me,5.0,17258.205
2020-04-01,Sam Hunt,40.0,False,40.0,49,Hard To Forget,3.0,17258.205
2020-04-01,The Weeknd,1.0,False,1.0,1,Blinding Lights,21.0,17258.205
2020-04-01,Drake,2.0,False,1.0,2,Toosie Slide,3.0,17258.205
2020-04-01,Roddy Ricch,3.0,False,1.0,3,The Box,20.0,17258.205
2020-04-01,Dua Lipa,4.0,False,2.0,4,Don't Start Now,25.0,17258.205
2020-04-01,Doja Cat Featuring Nicki Minaj,5.0,False,5.0,5,Say So,16.0,17258.205
2020-04-01,Post Malone,7.0,False,1.0,6,Circles,34.0,17258.205
2020-04-01,Harry Styles,6.0,False,6.0,7,Adore You,20.0,17258.205
2020-04-01,Justin Bieber Featuring Quavo,9.0,False,8.0,8,Intentions,11.0,17258.205
2020-04-01,DaBaby Featuring Roddy Ricch,0.0,True,9.0,9,Rockstar,1.0,17258.205
2020-04-01,Future Featuring Drake,8.0,False,2.0,10,Life Is Good,15.0,17258.205
2020-04-01,Billie Eilish,10.0,False,8.0,11,Everything I Wanted,24.0,17258.205
2020-04-01,Camila Cabello Featuring DaBaby,12.0,False,12.0,12,My Oh My,20.0,17258.205
2020-04-01,Maren Morris,13.0,False,12.0,13,The Bones,31.0,17258.205
2020-04-01,Megan Thee Stallion,14.0,False,14.0,14,Savage,6.0,17258.205
2020-04-01,Lewis Capaldi,11.0,False,1.0,15,Someone You Loved,50.0,17258.205
2020-04-01,Gabby Barrett Featuring Charlie Puth,17.0,False,16.0,16,I Hope,17.0,17258.205
2020-04-01,DaBaby Featuring YoungBoy Never Broke Again,0.0,True,17.0,17,Jump,1.0,17258.205
2020-04-01,Maroon 5,15.0,False,2.0,18,Memories,31.0,17258.205
2020-04-01,Lil Mosey,16.0,False,16.0,19,Blueberry Faygo,11.0,17258.205
2020-04-01,Blake Shelton Duet With Gwen Stefani,18.0,False,18.0,20,Nobody But You,15.0,17258.205
2020-04-01,Morgan Wallen,25.0,False,21.0,21,Chasin' You,13.0,17258.205
2020-04-01,SAINt JHN,26.0,False,22.0,22,Roses,5.0,17258.205
2020-04-01,Trevor Daniel,22.0,False,22.0,23,Falling,23.0,17258.205
2020-04-01,blackbear,20.0,False,11.0,24,Hot Girl Bummer,32.0,17258.205
2020-04-01,Roddy Ricch Featuring Mustard,29.0,False,20.0,25,High Fashion,17.0,17258.205
2020-04-01,Arizona Zervas,19.0,False,4.0,26,Roxanne,25.0,17258.205
2020-04-01,Powfu Featuring beabadoobee,30.0,False,27.0,27,Death Bed,6.0,17258.205
2020-04-01,The Weeknd,21.0,False,1.0,28,Heartless,22.0,17258.205
2020-04-01,Rod Wave,28.0,False,25.0,29,Heart On Ice,24.0,17258.205
2020-04-01,Ingrid Andress,32.0,False,30.0,30,More Hearts Than Mine,17.0,17258.205
2020-04-01,Tones And I,24.0,False,4.0,31,Dance Monkey,29.0,17258.205
2020-04-01,Mustard & Roddy Ricch,27.0,False,11.0,32,Ballin',40.0,17258.205
2020-04-01,DaBaby,51.0,False,22.0,33,Find My Way,3.0,17258.205
2020-04-01,Black Eyed Peas X J Balvin,31.0,False,26.0,34,RITMO (Bad Boys For Life),22.0,17258.205
2020-04-01,Playboi Carti,0.0,True,35.0,35,@ MEH,1.0,17258.205
2020-04-01,Sam Smith & Demi Lovato,0.0,True,36.0,36,I'm Ready,1.0,17258.205
2020-04-01,"Jack Harlow Featuring DaBaby, Tory Lanez & Lil Wayne",36.0,False,36.0,37,Whats Poppin,11.0,17258.205
2020-04-01,Surfaces,38.0,False,38.0,38,Sunday Best,8.0,17258.205
2020-04-01,Dua Lipa,35.0,False,21.0,39,Break My Heart,4.0,17258.205
2020-04-01,Luke Combs Featuring Eric Church,48.0,False,40.0,40,Does To Me,6.0,17258.205
2020-04-01,Dan + Shay & Justin Bieber,34.0,False,4.0,41,"10,000 Hours",29.0,17258.205
2020-04-01,Demi Lovato,41.0,False,18.0,42,I Love Me,7.0,17258.205
2020-04-01,DaBaby,39.0,False,11.0,43,BOP,30.0,17258.205
2020-04-01,DaBaby Featuring Quavo,0.0,True,44.0,44,PICK UP,1.0,17258.205
2020-04-01,twenty one pilots,23.0,False,23.0,45,Level Of Concern,2.0,17258.205
2020-04-01,Lady Gaga,33.0,False,5.0,46,Stupid Love,8.0,17258.205
2020-04-01,Carly Pearce & Lee Brice,42.0,False,42.0,47,I Hope You're Happy Now,16.0,17258.205
2020-04-01,Chris Brown Featuring Drake,40.0,False,5.0,48,No Guidance,46.0,17258.205
2020-04-01,Sam Hunt,49.0,False,40.0,49,Hard To Forget,4.0,17258.205
